-- ============================================================
-- V12: Truncate all seed data and reseed with UUID-only IDs
-- ============================================================

-- ============================================================
-- TRUNCATE ALL TABLES (cascade handles FK order)
-- ============================================================
TRUNCATE TABLE
    email_failure_log,
    water_intake,
    meal_foods,
    meals,
    meal_plans,
    progress_photos,
    personal_records,
    goals,
    body_measurement_details,
    body_measurements,
    workout_logs,
    client_workout_plans,
    attendances,
    training_client,
    training_sessions,
    workout_plan_exercises,
    workout_plans,
    exercise_secondary_muscles,
    exercises,
    foods,
    payments,
    memberships,
    client_profiles,
    trainer_specialization,
    trainer_profiles,
    specializations,
    verification_tokens,
    user_roles,
    roles,
    users
    CASCADE;

-- ============================================================
-- USERS
-- ============================================================
INSERT INTO users (id, user_email, user_password, user_enabled, created_date, created_by, last_modified_date,
                   last_modified_by)
VALUES
-- Admin
('00000000-0000-0000-0000-000000000010', 'admin@fithub.com',
 '$2a$10$92IXUNpkjO0rOQ5byMi.Ye4oKoEa3Ro9llC/.og/at2.uheWG/igi',
 TRUE, NOW() - INTERVAL '180 days', 'SYSTEM', NOW() - INTERVAL '180 days', 'SYSTEM'),
-- Trainers
('00000000-0000-0000-0000-000000000020', 'oleksiy.koval@fithub.com',
 '$2a$10$92IXUNpkjO0rOQ5byMi.Ye4oKoEa3Ro9llC/.og/at2.uheWG/igi',
 TRUE, NOW() - INTERVAL '150 days', 'SYSTEM', NOW() - INTERVAL '150 days', 'SYSTEM'),
('00000000-0000-0000-0000-000000000021', 'iryna.melnyk@fithub.com',
 '$2a$10$92IXUNpkjO0rOQ5byMi.Ye4oKoEa3Ro9llC/.og/at2.uheWG/igi',
 TRUE, NOW() - INTERVAL '140 days', 'SYSTEM', NOW() - INTERVAL '140 days', 'SYSTEM'),
('00000000-0000-0000-0000-000000000022', 'dmytro.bondar@fithub.com',
 '$2a$10$92IXUNpkjO0rOQ5byMi.Ye4oKoEa3Ro9llC/.og/at2.uheWG/igi',
 TRUE, NOW() - INTERVAL '120 days', 'SYSTEM', NOW() - INTERVAL '120 days', 'SYSTEM'),
('550e8400-e29b-41d4-a716-446655440005', 'kateryna.vovk@fithub.com',
 '$2a$10$92IXUNpkjO0rOQ5byMi.Ye4oKoEa3Ro9llC/.og/at2.uheWG/igi',
 TRUE, NOW() - INTERVAL '20 days', 'SYSTEM', NOW() - INTERVAL '20 days', 'SYSTEM'),
-- Clients
('550e8400-e29b-41d4-a716-446655440001', 'oleksandr.hrytsenko@gmail.com',
 '$2a$10$92IXUNpkjO0rOQ5byMi.Ye4oKoEa3Ro9llC/.og/at2.uheWG/igi',
 TRUE, NOW() - INTERVAL '25 days', 'SYSTEM', NOW() - INTERVAL '25 days', 'SYSTEM'),
('550e8400-e29b-41d4-a716-446655440002', 'mariia.kuchma@gmail.com',
 '$2a$10$92IXUNpkjO0rOQ5byMi.Ye4oKoEa3Ro9llC/.og/at2.uheWG/igi',
 TRUE, NOW() - INTERVAL '18 days', 'SYSTEM', NOW() - INTERVAL '18 days', 'SYSTEM'),
('550e8400-e29b-41d4-a716-446655440003', 'serhii.pylypenko@gmail.com',
 '$2a$10$92IXUNpkjO0rOQ5byMi.Ye4oKoEa3Ro9llC/.og/at2.uheWG/igi',
 TRUE, NOW() - INTERVAL '12 days', 'SYSTEM', NOW() - INTERVAL '12 days', 'SYSTEM'),
('550e8400-e29b-41d4-a716-446655440004', 'daryna.tkachuk@gmail.com',
 '$2a$10$92IXUNpkjO0rOQ5byMi.Ye4oKoEa3Ro9llC/.og/at2.uheWG/igi',
 FALSE, NOW() - INTERVAL '3 days', 'SYSTEM', NULL, NULL),
-- Extra clients (from V10 logic, now with UUIDs)
('a0000000-0000-0000-0000-000000000031', 'andrii.shevchenko@gmail.com',
 '$2a$10$92IXUNpkjO0rOQ5byMi.Ye4oKoEa3Ro9llC/.og/at2.uheWG/igi',
 TRUE, NOW() - INTERVAL '100 days', 'SYSTEM', NOW() - INTERVAL '100 days', 'SYSTEM'),
('a0000000-0000-0000-0000-000000000032', 'olha.petrenko@gmail.com',
 '$2a$10$92IXUNpkjO0rOQ5byMi.Ye4oKoEa3Ro9llC/.og/at2.uheWG/igi',
 TRUE, NOW() - INTERVAL '90 days', 'SYSTEM', NOW() - INTERVAL '90 days', 'SYSTEM'),
('a0000000-0000-0000-0000-000000000033', 'vasyl.kovalenko@gmail.com',
 '$2a$10$92IXUNpkjO0rOQ5byMi.Ye4oKoEa3Ro9llC/.og/at2.uheWG/igi',
 TRUE, NOW() - INTERVAL '85 days', 'SYSTEM', NOW() - INTERVAL '85 days', 'SYSTEM'),
('a0000000-0000-0000-0000-000000000034', 'natalia.savchenko@gmail.com',
 '$2a$10$92IXUNpkjO0rOQ5byMi.Ye4oKoEa3Ro9llC/.og/at2.uheWG/igi',
 TRUE, NOW() - INTERVAL '75 days', 'SYSTEM', NOW() - INTERVAL '75 days', 'SYSTEM'),
('a0000000-0000-0000-0000-000000000035', 'mykola.kravchenko@gmail.com',
 '$2a$10$92IXUNpkjO0rOQ5byMi.Ye4oKoEa3Ro9llC/.og/at2.uheWG/igi',
 TRUE, NOW() - INTERVAL '60 days', 'SYSTEM', NOW() - INTERVAL '60 days', 'SYSTEM'),
('a0000000-0000-0000-0000-000000000036', 'svitlana.moroz@gmail.com',
 '$2a$10$92IXUNpkjO0rOQ5byMi.Ye4oKoEa3Ro9llC/.og/at2.uheWG/igi',
 TRUE, NOW() - INTERVAL '50 days', 'SYSTEM', NOW() - INTERVAL '50 days', 'SYSTEM'),
('a0000000-0000-0000-0000-000000000037', 'tetiana.bondarenko@gmail.com',
 '$2a$10$92IXUNpkjO0rOQ5byMi.Ye4oKoEa3Ro9llC/.og/at2.uheWG/igi',
 TRUE, NOW() - INTERVAL '30 days', 'SYSTEM', NOW() - INTERVAL '30 days', 'SYSTEM');

-- ============================================================
-- ROLES (re-insert, were truncated)
-- ============================================================
INSERT INTO roles (id, role_name, created_date, created_by)
VALUES ('00000000-0000-0000-0000-000000000001', 'ADMIN', NOW(), 'SYSTEM'),
       ('00000000-0000-0000-0000-000000000002', 'TRAINER', NOW(), 'SYSTEM'),
       ('00000000-0000-0000-0000-000000000003', 'CLIENT', NOW(), 'SYSTEM');

-- ============================================================
-- USER ROLES
-- ============================================================
INSERT INTO user_roles (user_id, role_id)
VALUES ('00000000-0000-0000-0000-000000000010', '00000000-0000-0000-0000-000000000001'), -- admin
       ('00000000-0000-0000-0000-000000000020', '00000000-0000-0000-0000-000000000002'), -- trainers
       ('00000000-0000-0000-0000-000000000021', '00000000-0000-0000-0000-000000000002'),
       ('00000000-0000-0000-0000-000000000022', '00000000-0000-0000-0000-000000000002'),
       ('550e8400-e29b-41d4-a716-446655440005', '00000000-0000-0000-0000-000000000002'),
       ('550e8400-e29b-41d4-a716-446655440001', '00000000-0000-0000-0000-000000000003'), -- clients
       ('550e8400-e29b-41d4-a716-446655440002', '00000000-0000-0000-0000-000000000003'),
       ('550e8400-e29b-41d4-a716-446655440003', '00000000-0000-0000-0000-000000000003'),
       ('550e8400-e29b-41d4-a716-446655440004', '00000000-0000-0000-0000-000000000003'),
       ('a0000000-0000-0000-0000-000000000031', '00000000-0000-0000-0000-000000000003'),
       ('a0000000-0000-0000-0000-000000000032', '00000000-0000-0000-0000-000000000003'),
       ('a0000000-0000-0000-0000-000000000033', '00000000-0000-0000-0000-000000000003'),
       ('a0000000-0000-0000-0000-000000000034', '00000000-0000-0000-0000-000000000003'),
       ('a0000000-0000-0000-0000-000000000035', '00000000-0000-0000-0000-000000000003'),
       ('a0000000-0000-0000-0000-000000000036', '00000000-0000-0000-0000-000000000003'),
       ('a0000000-0000-0000-0000-000000000037', '00000000-0000-0000-0000-000000000003');

-- ============================================================
-- SPECIALIZATIONS
-- ============================================================
INSERT INTO specializations (id, name, description, active)
VALUES ('b0000000-0000-0000-0000-000000000001', 'Strength Training',
        'Powerlifting, Olympic lifting, progressive overload methodology', TRUE),
       ('b0000000-0000-0000-0000-000000000002', 'Cardio & Endurance',
        'Running, cycling, HIIT, cardiovascular health improvement', TRUE),
       ('b0000000-0000-0000-0000-000000000003', 'Yoga & Flexibility',
        'Hatha yoga, stretching, mobility and mindfulness practices', TRUE),
       ('b0000000-0000-0000-0000-000000000004', 'Weight Loss',
        'Fat burning programs, nutrition coaching, body recomposition', TRUE),
       ('b0000000-0000-0000-0000-000000000005', 'Muscle Hypertrophy',
        'Bodybuilding-style training, muscle mass gain techniques', TRUE),
       ('b0000000-0000-0000-0000-000000000006', 'Rehabilitation',
        'Injury recovery, corrective exercise, post-surgery training', TRUE),
       ('b0000000-0000-0000-0000-000000000007', 'Sports Performance',
        'Athletic conditioning, speed, agility and sport-specific drills', TRUE),
       ('b0000000-0000-0000-0000-000000000008', 'Nutrition Coaching',
        'Macro planning, meal prep guidance, dietary analysis', TRUE),
       ('b0000000-0000-0000-0000-000000000009', 'Senior Fitness',
        'Low-impact training for 55+, balance and fall prevention', FALSE),
       ('6ba7b810-9dad-11d1-80b4-00c04fd430c8', 'Functional Training',
        'Movement-based training focusing on everyday functional patterns, mobility and stability.', TRUE);

-- ============================================================
-- TRAINER PROFILES
-- ============================================================
INSERT INTO trainer_profiles (id, first_name, last_name, experience_years, description, active, user_id, created_date,
                              created_by, last_modified_date, last_modified_by)
VALUES ('c0000000-0000-0000-0000-000000000001', 'Олексій', 'Коваль', 8,
        'Certified strength coach with 8 years of experience. Specializes in powerlifting and hypertrophy programs.',
        TRUE, '00000000-0000-0000-0000-000000000020', NOW() - INTERVAL '150 days', 'SYSTEM',
        NOW() - INTERVAL '150 days', 'SYSTEM'),
       ('c0000000-0000-0000-0000-000000000002', 'Ірина', 'Мельник', 5,
        'Yoga instructor and cardio specialist. Combines mindfulness with functional fitness.',
        TRUE, '00000000-0000-0000-0000-000000000021', NOW() - INTERVAL '140 days', 'SYSTEM',
        NOW() - INTERVAL '140 days', 'SYSTEM'),
       ('c0000000-0000-0000-0000-000000000003', 'Дмитро', 'Бондар', 12,
        'Sports performance coach with background in professional athletics.',
        TRUE, '00000000-0000-0000-0000-000000000022', NOW() - INTERVAL '120 days', 'SYSTEM',
        NOW() - INTERVAL '120 days', 'SYSTEM'),
       ('6ba7b811-9dad-11d1-80b4-00c04fd430c8', 'Катерина', 'Вовк', 4,
        'Functional movement specialist and kettlebell instructor. Works with beginners and intermediate athletes.',
        TRUE, '550e8400-e29b-41d4-a716-446655440005', NOW() - INTERVAL '19 days',
        '550e8400-e29b-41d4-a716-446655440005', NOW() - INTERVAL '15 days', '550e8400-e29b-41d4-a716-446655440005');

INSERT INTO trainer_specialization (trainer_id, specialization_id)
VALUES ('c0000000-0000-0000-0000-000000000001', 'b0000000-0000-0000-0000-000000000001'),
       ('c0000000-0000-0000-0000-000000000001', 'b0000000-0000-0000-0000-000000000005'),
       ('c0000000-0000-0000-0000-000000000001', 'b0000000-0000-0000-0000-000000000004'),
       ('c0000000-0000-0000-0000-000000000002', 'b0000000-0000-0000-0000-000000000002'),
       ('c0000000-0000-0000-0000-000000000002', 'b0000000-0000-0000-0000-000000000003'),
       ('c0000000-0000-0000-0000-000000000002', 'b0000000-0000-0000-0000-000000000004'),
       ('c0000000-0000-0000-0000-000000000003', 'b0000000-0000-0000-0000-000000000007'),
       ('c0000000-0000-0000-0000-000000000003', 'b0000000-0000-0000-0000-000000000005'),
       ('c0000000-0000-0000-0000-000000000003', 'b0000000-0000-0000-0000-000000000008'),
       ('6ba7b811-9dad-11d1-80b4-00c04fd430c8', '6ba7b810-9dad-11d1-80b4-00c04fd430c8');

-- ============================================================
-- CLIENT PROFILES
-- ============================================================
INSERT INTO client_profiles (id, first_name, last_name, phone, birth_date, height, weight, daily_water_target,
                             client_gender, active, user_id, created_date, created_by, last_modified_date,
                             last_modified_by)
VALUES ('d0000000-0000-0000-0000-000000000001', 'Андрій', 'Шевченко', '+380971234501', '1993-04-15', 182.0, 88.5, 3100,
        'MALE', TRUE, 'a0000000-0000-0000-0000-000000000031', NOW() - INTERVAL '100 days', 'SYSTEM',
        NOW() - INTERVAL '100 days', 'SYSTEM'),
       ('d0000000-0000-0000-0000-000000000002', 'Ольга', 'Петренко', '+380971234502', '1996-08-22', 165.0, 58.0, 2030,
        'FEMALE', TRUE, 'a0000000-0000-0000-0000-000000000032', NOW() - INTERVAL '90 days', 'SYSTEM',
        NOW() - INTERVAL '90 days', 'SYSTEM'),
       ('d0000000-0000-0000-0000-000000000003', 'Василь', 'Коваленко', '+380971234503', '1988-11-03', 175.0, 95.0, 3325,
        'MALE', TRUE, 'a0000000-0000-0000-0000-000000000033', NOW() - INTERVAL '85 days', 'SYSTEM',
        NOW() - INTERVAL '85 days', 'SYSTEM'),
       ('d0000000-0000-0000-0000-000000000004', 'Наталія', 'Савченко', '+380971234504', '2000-02-17', 168.0, 62.5, 2188,
        'FEMALE', TRUE, 'a0000000-0000-0000-0000-000000000034', NOW() - INTERVAL '75 days', 'SYSTEM',
        NOW() - INTERVAL '75 days', 'SYSTEM'),
       ('d0000000-0000-0000-0000-000000000005', 'Микола', 'Кравченко', '+380971234505', '1990-06-30', 178.0, 82.0, 2870,
        'MALE', TRUE, 'a0000000-0000-0000-0000-000000000035', NOW() - INTERVAL '60 days', 'SYSTEM',
        NOW() - INTERVAL '60 days', 'SYSTEM'),
       ('d0000000-0000-0000-0000-000000000006', 'Світлана', 'Мороз', '+380971234506', '1998-12-05', 162.0, 55.0, 1925,
        'FEMALE', TRUE, 'a0000000-0000-0000-0000-000000000036', NOW() - INTERVAL '50 days', 'SYSTEM',
        NOW() - INTERVAL '50 days', 'SYSTEM'),
       ('d0000000-0000-0000-0000-000000000007', 'Тетяна', 'Бондаренко', '+380971234507', '2002-03-28', 170.0, 65.0,
        2275, 'FEMALE', TRUE, 'a0000000-0000-0000-0000-000000000037', NOW() - INTERVAL '30 days', 'SYSTEM',
        NOW() - INTERVAL '30 days', 'SYSTEM'),
       ('6ba7b812-9dad-11d1-80b4-00c04fd430c8', 'Олександр', 'Гриценко', '+380971234509', '1991-07-14', 179.0, 78.0,
        2730, 'MALE', TRUE, '550e8400-e29b-41d4-a716-446655440001', NOW() - INTERVAL '24 days',
        '550e8400-e29b-41d4-a716-446655440001', NOW() - INTERVAL '24 days', '550e8400-e29b-41d4-a716-446655440001'),
       ('6ba7b813-9dad-11d1-80b4-00c04fd430c8', 'Марія', 'Кучма', '+380971234510', '1999-03-22', 163.0, 57.0, 1995,
        'FEMALE', TRUE, '550e8400-e29b-41d4-a716-446655440002', NOW() - INTERVAL '17 days',
        '550e8400-e29b-41d4-a716-446655440002', NOW() - INTERVAL '5 days', '550e8400-e29b-41d4-a716-446655440002'),
       ('6ba7b814-9dad-11d1-80b4-00c04fd430c8', 'Сергій', 'Пилипенко', '+380971234511', '1995-11-08', 176.0, 90.0, 3150,
        'MALE', TRUE, '550e8400-e29b-41d4-a716-446655440003', NOW() - INTERVAL '11 days',
        '550e8400-e29b-41d4-a716-446655440003', NOW() - INTERVAL '11 days', '550e8400-e29b-41d4-a716-446655440003');

-- ============================================================
-- MEMBERSHIPS
-- ============================================================
INSERT INTO memberships (id, membership_type, membership_status, start_date, end_date, visits_left, freeze_date,
                         duration_months, client_id, created_date, created_by, last_modified_date, last_modified_by)
VALUES ('e0000000-0000-0000-0000-000000000001', 'MONTHLY', 'ACTIVE', NOW() - INTERVAL '60 days',
        NOW() + INTERVAL '30 days', NULL, NULL, 3, 'd0000000-0000-0000-0000-000000000001', NOW() - INTERVAL '65 days',
        'SYSTEM', NOW() - INTERVAL '60 days', 'SYSTEM'),
       ('e0000000-0000-0000-0000-000000000002', 'MONTHLY', 'ACTIVE', NOW() - INTERVAL '45 days',
        NOW() + INTERVAL '45 days', NULL, NULL, 3, 'd0000000-0000-0000-0000-000000000002', NOW() - INTERVAL '50 days',
        'SYSTEM', NOW() - INTERVAL '45 days', 'SYSTEM'),
       ('e0000000-0000-0000-0000-000000000003', 'YEARLY', 'ACTIVE', NOW() - INTERVAL '30 days',
        NOW() + INTERVAL '335 days', NULL, NULL, 12, 'd0000000-0000-0000-0000-000000000003', NOW() - INTERVAL '35 days',
        'SYSTEM', NOW() - INTERVAL '30 days', 'SYSTEM'),
       ('e0000000-0000-0000-0000-000000000004', 'VISITS', 'ACTIVE', NOW() - INTERVAL '20 days', NULL, 8, NULL, NULL,
        'd0000000-0000-0000-0000-000000000004', NOW() - INTERVAL '25 days', 'SYSTEM', NOW() - INTERVAL '20 days',
        'SYSTEM'),
       ('e0000000-0000-0000-0000-000000000005', 'MONTHLY', 'ACTIVE', NOW() - INTERVAL '15 days',
        NOW() + INTERVAL '75 days', NULL, NULL, 3, 'd0000000-0000-0000-0000-000000000005', NOW() - INTERVAL '20 days',
        'SYSTEM', NOW() - INTERVAL '15 days', 'SYSTEM'),
       ('e0000000-0000-0000-0000-000000000006', 'VISITS', 'ACTIVE', NOW() - INTERVAL '10 days', NULL, 12, NULL, NULL,
        'd0000000-0000-0000-0000-000000000006', NOW() - INTERVAL '15 days', 'SYSTEM', NOW() - INTERVAL '10 days',
        'SYSTEM'),
       ('e0000000-0000-0000-0000-000000000007', 'MONTHLY', 'CREATED', NULL, NULL, NULL, NULL, 1,
        'd0000000-0000-0000-0000-000000000007', NOW() - INTERVAL '5 days', 'SYSTEM', NULL, NULL),
-- Historical
       ('e0000000-0000-0000-0000-000000000008', 'MONTHLY', 'EXPIRED', NOW() - INTERVAL '120 days',
        NOW() - INTERVAL '30 days', NULL, NULL, 3, 'd0000000-0000-0000-0000-000000000001', NOW() - INTERVAL '125 days',
        'SYSTEM', NOW() - INTERVAL '30 days', 'SYSTEM'),
       ('e0000000-0000-0000-0000-000000000009', 'VISITS', 'CANCELLED', NOW() - INTERVAL '80 days',
        NOW() - INTERVAL '60 days', 0, NULL, NULL, 'd0000000-0000-0000-0000-000000000002', NOW() - INTERVAL '85 days',
        'SYSTEM', NOW() - INTERVAL '60 days', 'SYSTEM'),
-- V11 clients
       ('6ba7b815-9dad-11d1-80b4-00c04fd430c8', 'MONTHLY', 'ACTIVE', NOW() - INTERVAL '22 days',
        NOW() + INTERVAL '8 days', NULL, NULL, 1, '6ba7b812-9dad-11d1-80b4-00c04fd430c8', NOW() - INTERVAL '23 days',
        'SYSTEM', NOW() - INTERVAL '22 days', 'SYSTEM'),
       ('6ba7b816-9dad-11d1-80b4-00c04fd430c8', 'VISITS', 'ACTIVE', NOW() - INTERVAL '15 days', NULL, 10, NULL, NULL,
        '6ba7b813-9dad-11d1-80b4-00c04fd430c8', NOW() - INTERVAL '16 days', 'SYSTEM', NOW() - INTERVAL '15 days',
        'SYSTEM'),
       ('6ba7b817-9dad-11d1-80b4-00c04fd430c8', 'MONTHLY', 'CREATED', NULL, NULL, NULL, NULL, 1,
        '6ba7b814-9dad-11d1-80b4-00c04fd430c8', NOW() - INTERVAL '10 days', 'SYSTEM', NULL, NULL);

-- ============================================================
-- PAYMENTS
-- ============================================================
INSERT INTO payments (id, amount, currency, payment_status, payment_date, client_id, membership_id, created_date,
                      created_by, last_modified_date, last_modified_by)
VALUES ('f0000000-0000-0000-0000-000000000001', 1200.00, 'UAH', 'PAID', NOW() - INTERVAL '65 days',
        'd0000000-0000-0000-0000-000000000001', 'e0000000-0000-0000-0000-000000000001', NOW() - INTERVAL '65 days',
        'SYSTEM', NOW() - INTERVAL '65 days', 'SYSTEM'),
       ('f0000000-0000-0000-0000-000000000002', 900.00, 'UAH', 'PAID', NOW() - INTERVAL '50 days',
        'd0000000-0000-0000-0000-000000000002', 'e0000000-0000-0000-0000-000000000002', NOW() - INTERVAL '50 days',
        'SYSTEM', NOW() - INTERVAL '50 days', 'SYSTEM'),
       ('f0000000-0000-0000-0000-000000000003', 9600.00, 'UAH', 'PAID', NOW() - INTERVAL '35 days',
        'd0000000-0000-0000-0000-000000000003', 'e0000000-0000-0000-0000-000000000003', NOW() - INTERVAL '35 days',
        'SYSTEM', NOW() - INTERVAL '35 days', 'SYSTEM'),
       ('f0000000-0000-0000-0000-000000000004', 600.00, 'UAH', 'PAID', NOW() - INTERVAL '25 days',
        'd0000000-0000-0000-0000-000000000004', 'e0000000-0000-0000-0000-000000000004', NOW() - INTERVAL '25 days',
        'SYSTEM', NOW() - INTERVAL '25 days', 'SYSTEM'),
       ('f0000000-0000-0000-0000-000000000005', 1200.00, 'UAH', 'PAID', NOW() - INTERVAL '20 days',
        'd0000000-0000-0000-0000-000000000005', 'e0000000-0000-0000-0000-000000000005', NOW() - INTERVAL '20 days',
        'SYSTEM', NOW() - INTERVAL '20 days', 'SYSTEM'),
       ('f0000000-0000-0000-0000-000000000006', 480.00, 'UAH', 'PAID', NOW() - INTERVAL '15 days',
        'd0000000-0000-0000-0000-000000000006', 'e0000000-0000-0000-0000-000000000006', NOW() - INTERVAL '15 days',
        'SYSTEM', NOW() - INTERVAL '15 days', 'SYSTEM'),
-- Historical
       ('f0000000-0000-0000-0000-000000000007', 900.00, 'UAH', 'PAID', NOW() - INTERVAL '125 days',
        'd0000000-0000-0000-0000-000000000001', 'e0000000-0000-0000-0000-000000000008', NOW() - INTERVAL '125 days',
        'SYSTEM', NOW() - INTERVAL '125 days', 'SYSTEM'),
       ('f0000000-0000-0000-0000-000000000008', 360.00, 'UAH', 'PAID', NOW() - INTERVAL '85 days',
        'd0000000-0000-0000-0000-000000000002', 'e0000000-0000-0000-0000-000000000009', NOW() - INTERVAL '85 days',
        'SYSTEM', NOW() - INTERVAL '85 days', 'SYSTEM'),
-- V11 clients
       ('6ba7b820-9dad-11d1-80b4-00c04fd430c8', 800.00, 'UAH', 'PAID', NOW() - INTERVAL '22 days',
        '6ba7b812-9dad-11d1-80b4-00c04fd430c8', '6ba7b815-9dad-11d1-80b4-00c04fd430c8', NOW() - INTERVAL '22 days',
        'SYSTEM', NOW() - INTERVAL '22 days', 'SYSTEM'),
       ('6ba7b821-9dad-11d1-80b4-00c04fd430c8', 600.00, 'UAH', 'PAID', NOW() - INTERVAL '15 days',
        '6ba7b813-9dad-11d1-80b4-00c04fd430c8', '6ba7b816-9dad-11d1-80b4-00c04fd430c8', NOW() - INTERVAL '15 days',
        'SYSTEM', NOW() - INTERVAL '15 days', 'SYSTEM');

-- ============================================================
-- EXERCISES
-- ============================================================
INSERT INTO exercises (id, name, description, category, primary_muscle_group, video_url, instructions, active,
                       created_date, created_by, last_modified_date, last_modified_by)
VALUES ('20000000-0000-0000-0000-000000000001', 'Barbell Back Squat', 'Classic compound lower body exercise',
        'STRENGTH', 'QUADS', 'https://example.com/squat.mp4',
        'Stand with bar on upper back. Descend until thighs are parallel. Drive through heels to return.', TRUE,
        NOW() - INTERVAL '100 days', '00000000-0000-0000-0000-000000000010', NOW() - INTERVAL '100 days',
        '00000000-0000-0000-0000-000000000010'),
       ('20000000-0000-0000-0000-000000000002', 'Deadlift', 'King of all compound movements', 'STRENGTH', 'HAMSTRINGS',
        'https://example.com/deadlift.mp4',
        'Hinge at hips, grip bar shoulder-width. Drive hips forward and lift. Control the descent.', TRUE,
        NOW() - INTERVAL '100 days', '00000000-0000-0000-0000-000000000010', NOW() - INTERVAL '100 days',
        '00000000-0000-0000-0000-000000000010'),
       ('20000000-0000-0000-0000-000000000003', 'Bench Press', 'Primary chest pressing movement', 'STRENGTH', 'CHEST',
        'https://example.com/bench.mp4', 'Lie on bench, lower bar to chest, press explosively to lockout.', TRUE,
        NOW() - INTERVAL '100 days', '00000000-0000-0000-0000-000000000010', NOW() - INTERVAL '100 days',
        '00000000-0000-0000-0000-000000000010'),
       ('20000000-0000-0000-0000-000000000004', 'Pull-Up', 'Bodyweight back and bicep exercise', 'STRENGTH', 'BACK',
        'https://example.com/pullup.mp4', 'Hang from bar, pull chest to bar, lower controlled.', TRUE,
        NOW() - INTERVAL '100 days', '00000000-0000-0000-0000-000000000010', NOW() - INTERVAL '100 days',
        '00000000-0000-0000-0000-000000000010'),
       ('20000000-0000-0000-0000-000000000005', 'Overhead Press', 'Vertical pressing movement for shoulders',
        'STRENGTH', 'SHOULDERS', 'https://example.com/ohp.mp4',
        'Press barbell from shoulder height to full arm extension overhead.', TRUE, NOW() - INTERVAL '100 days',
        '00000000-0000-0000-0000-000000000010', NOW() - INTERVAL '100 days', '00000000-0000-0000-0000-000000000010'),
       ('20000000-0000-0000-0000-000000000006', 'Romanian Deadlift', 'Hip hinge movement targeting hamstrings',
        'STRENGTH', 'HAMSTRINGS', NULL,
        'Keep bar close to legs, hinge until stretch in hamstrings, return to standing.', TRUE,
        NOW() - INTERVAL '95 days', '00000000-0000-0000-0000-000000000010', NOW() - INTERVAL '95 days',
        '00000000-0000-0000-0000-000000000010'),
       ('20000000-0000-0000-0000-000000000007', 'Dumbbell Lunges', 'Unilateral lower body exercise', 'STRENGTH',
        'QUADS', NULL, 'Step forward into lunge, knee above ankle, push back to start.', TRUE,
        NOW() - INTERVAL '95 days', '00000000-0000-0000-0000-000000000010', NOW() - INTERVAL '95 days',
        '00000000-0000-0000-0000-000000000010'),
       ('20000000-0000-0000-0000-000000000008', 'Dumbbell Row', 'Unilateral back exercise', 'STRENGTH', 'BACK', NULL,
        'Support one hand on bench, row dumbbell to hip, control down.', TRUE, NOW() - INTERVAL '95 days',
        '00000000-0000-0000-0000-000000000010', NOW() - INTERVAL '95 days', '00000000-0000-0000-0000-000000000010'),
       ('20000000-0000-0000-0000-000000000009', 'Incline Dumbbell Press', 'Upper chest focused pressing', 'STRENGTH',
        'CHEST', NULL, 'Press dumbbells at 30-45 degree incline angle, controlled tempo.', TRUE,
        NOW() - INTERVAL '90 days', '00000000-0000-0000-0000-000000000010', NOW() - INTERVAL '90 days',
        '00000000-0000-0000-0000-000000000010'),
       ('20000000-0000-0000-0000-000000000010', 'Leg Press', 'Machine-based quad and glute development', 'STRENGTH',
        'QUADS', NULL, 'Push platform away until legs nearly straight, lower controlled.', TRUE,
        NOW() - INTERVAL '90 days', '00000000-0000-0000-0000-000000000010', NOW() - INTERVAL '90 days',
        '00000000-0000-0000-0000-000000000010'),
       ('20000000-0000-0000-0000-000000000011', 'Treadmill Run', 'Cardio endurance machine exercise', 'CARDIO',
        'FULL_BODY', NULL, 'Maintain consistent pace, engage core, land midfoot.', TRUE, NOW() - INTERVAL '90 days',
        '00000000-0000-0000-0000-000000000010', NOW() - INTERVAL '90 days', '00000000-0000-0000-0000-000000000010'),
       ('20000000-0000-0000-0000-000000000012', 'Jump Rope', 'High intensity cardio exercise', 'CARDIO', 'CALVES', NULL,
        'Keep elbows close to body, rotate wrists, light bounces.', TRUE, NOW() - INTERVAL '90 days',
        '00000000-0000-0000-0000-000000000010', NOW() - INTERVAL '90 days', '00000000-0000-0000-0000-000000000010'),
       ('20000000-0000-0000-0000-000000000013', 'Burpee', 'Full-body high intensity movement', 'CARDIO', 'FULL_BODY',
        NULL, 'Squat, kick back to plank, push-up, jump feet in, explosive jump.', TRUE, NOW() - INTERVAL '88 days',
        '00000000-0000-0000-0000-000000000010', NOW() - INTERVAL '88 days', '00000000-0000-0000-0000-000000000010'),
       ('20000000-0000-0000-0000-000000000014', 'Plank', 'Core stability isometric exercise', 'STRENGTH', 'ABS', NULL,
        'Hold straight body position on forearms, brace core, breathe steadily.', TRUE, NOW() - INTERVAL '88 days',
        '00000000-0000-0000-0000-000000000010', NOW() - INTERVAL '88 days', '00000000-0000-0000-0000-000000000010'),
       ('20000000-0000-0000-0000-000000000015', 'Cable Crunch', 'Weighted core flexion exercise', 'STRENGTH', 'ABS',
        NULL, 'Kneel before cable, pull weight down with crunch motion.', TRUE, NOW() - INTERVAL '85 days',
        '00000000-0000-0000-0000-000000000010', NOW() - INTERVAL '85 days', '00000000-0000-0000-0000-000000000010'),
       ('20000000-0000-0000-0000-000000000016', 'Dumbbell Bicep Curl', 'Isolation exercise for biceps', 'STRENGTH',
        'BICEPS', NULL, 'Curl dumbbells from full extension to full contraction.', TRUE, NOW() - INTERVAL '85 days',
        '00000000-0000-0000-0000-000000000010', NOW() - INTERVAL '85 days', '00000000-0000-0000-0000-000000000010'),
       ('20000000-0000-0000-0000-000000000017', 'Tricep Pushdown', 'Cable isolation for triceps', 'STRENGTH', 'TRICEPS',
        NULL, 'Push cable attachment down to full extension, controlled return.', TRUE, NOW() - INTERVAL '85 days',
        '00000000-0000-0000-0000-000000000010', NOW() - INTERVAL '85 days', '00000000-0000-0000-0000-000000000010'),
       ('20000000-0000-0000-0000-000000000018', 'Calf Raise', 'Isolation exercise for calves', 'STRENGTH', 'CALVES',
        NULL, 'Rise onto tiptoes, hold, lower below platform for full stretch.', TRUE, NOW() - INTERVAL '82 days',
        '00000000-0000-0000-0000-000000000010', NOW() - INTERVAL '82 days', '00000000-0000-0000-0000-000000000010'),
       ('20000000-0000-0000-0000-000000000019', 'Face Pull', 'Rear delt and upper back health exercise', 'STRENGTH',
        'SHOULDERS', NULL, 'Pull cable to face level, elbows high, external rotation at end.', TRUE,
        NOW() - INTERVAL '80 days', '00000000-0000-0000-0000-000000000010', NOW() - INTERVAL '80 days',
        '00000000-0000-0000-0000-000000000010'),
       ('20000000-0000-0000-0000-000000000020', 'Hip Thrust', 'Glute-dominant compound exercise', 'STRENGTH', 'GLUTES',
        NULL, 'Upper back on bench, drive hips up with barbell, squeeze glutes at top.', TRUE,
        NOW() - INTERVAL '80 days', '00000000-0000-0000-0000-000000000010', NOW() - INTERVAL '80 days',
        '00000000-0000-0000-0000-000000000010');

INSERT INTO exercise_secondary_muscles (exercise_id, muscle_group)
VALUES ('20000000-0000-0000-0000-000000000001', 'HAMSTRINGS'),
       ('20000000-0000-0000-0000-000000000001', 'GLUTES'),
       ('20000000-0000-0000-0000-000000000001', 'CORE'),
       ('20000000-0000-0000-0000-000000000002', 'QUADS'),
       ('20000000-0000-0000-0000-000000000002', 'GLUTES'),
       ('20000000-0000-0000-0000-000000000002', 'BACK'),
       ('20000000-0000-0000-0000-000000000002', 'CORE'),
       ('20000000-0000-0000-0000-000000000003', 'TRICEPS'),
       ('20000000-0000-0000-0000-000000000003', 'SHOULDERS'),
       ('20000000-0000-0000-0000-000000000004', 'BICEPS'),
       ('20000000-0000-0000-0000-000000000004', 'CORE'),
       ('20000000-0000-0000-0000-000000000005', 'TRICEPS'),
       ('20000000-0000-0000-0000-000000000005', 'CORE'),
       ('20000000-0000-0000-0000-000000000006', 'GLUTES'),
       ('20000000-0000-0000-0000-000000000006', 'BACK'),
       ('20000000-0000-0000-0000-000000000007', 'HAMSTRINGS'),
       ('20000000-0000-0000-0000-000000000007', 'GLUTES'),
       ('20000000-0000-0000-0000-000000000008', 'BICEPS'),
       ('20000000-0000-0000-0000-000000000008', 'SHOULDERS'),
       ('20000000-0000-0000-0000-000000000020', 'HAMSTRINGS'),
       ('20000000-0000-0000-0000-000000000020', 'CORE');

-- ============================================================
-- WORKOUT PLANS
-- ============================================================
INSERT INTO workout_plans (id, name, description, difficulty_level, duration_weeks, sessions_per_week, active,
                           trainer_id, created_date, created_by, last_modified_date, last_modified_by)
VALUES ('30000000-0000-0000-0000-000000000001', 'Beginner Strength Foundation',
        'Perfect starting point for novice lifters. Focus on mastering squat, bench and deadlift.', 'BEGINNER', 8, 3,
        TRUE, 'c0000000-0000-0000-0000-000000000001', NOW() - INTERVAL '90 days',
        '00000000-0000-0000-0000-000000000020', NOW() - INTERVAL '90 days', '00000000-0000-0000-0000-000000000020'),
       ('30000000-0000-0000-0000-000000000002', 'Intermediate Hypertrophy Block',
        'Upper/lower split targeting muscle hypertrophy through progressive overload and volume.', 'INTERMEDIATE', 10,
        4, TRUE, 'c0000000-0000-0000-0000-000000000001', NOW() - INTERVAL '80 days',
        '00000000-0000-0000-0000-000000000020', NOW() - INTERVAL '80 days', '00000000-0000-0000-0000-000000000020'),
       ('30000000-0000-0000-0000-000000000003', 'Advanced Powerlifting Prep',
        '12-week peaking cycle for competitive powerlifters.', 'ADVANCED', 12, 5, TRUE,
        'c0000000-0000-0000-0000-000000000001', NOW() - INTERVAL '70 days', '00000000-0000-0000-0000-000000000020',
        NOW() - INTERVAL '70 days', '00000000-0000-0000-0000-000000000020'),
       ('30000000-0000-0000-0000-000000000004', 'Cardio & Yoga Fusion',
        'Blend of cardiovascular conditioning with yoga flexibility work.', 'BEGINNER', 6, 3, TRUE,
        'c0000000-0000-0000-0000-000000000002', NOW() - INTERVAL '85 days', '00000000-0000-0000-0000-000000000021',
        NOW() - INTERVAL '85 days', '00000000-0000-0000-0000-000000000021'),
       ('30000000-0000-0000-0000-000000000005', 'HIIT Shred Program',
        'High-intensity interval training focused on fat loss.', 'INTERMEDIATE', 8, 4, TRUE,
        'c0000000-0000-0000-0000-000000000002', NOW() - INTERVAL '75 days', '00000000-0000-0000-0000-000000000021',
        NOW() - INTERVAL '75 days', '00000000-0000-0000-0000-000000000021'),
       ('30000000-0000-0000-0000-000000000006', 'Athletic Performance Protocol',
        'Sport-specific conditioning program for athletes.', 'ADVANCED', 12, 5, TRUE,
        'c0000000-0000-0000-0000-000000000003', NOW() - INTERVAL '80 days', '00000000-0000-0000-0000-000000000022',
        NOW() - INTERVAL '80 days', '00000000-0000-0000-0000-000000000022'),
       ('30000000-0000-0000-0000-000000000007', 'Body Recomposition 12-Week',
        'Simultaneous fat loss and muscle gain through strategic nutrition and training periodization.', 'INTERMEDIATE',
        12, 4, TRUE, 'c0000000-0000-0000-0000-000000000003', NOW() - INTERVAL '60 days',
        '00000000-0000-0000-0000-000000000022', NOW() - INTERVAL '60 days', '00000000-0000-0000-0000-000000000022');

-- ============================================================
-- WORKOUT PLAN EXERCISES
-- ============================================================
-- Plan 1: Beginner Strength (Day1=Squat, Day2=Press, Day3=Deadlift)
INSERT INTO workout_plan_exercises (id, workout_plan_id, exercise_id, day_number, order_index, sets, reps, rest_seconds,
                                    notes, created_date, created_by, last_modified_date, last_modified_by)
VALUES ('40000000-0000-0000-0000-000000000001', '30000000-0000-0000-0000-000000000001',
        '20000000-0000-0000-0000-000000000001', 1, 0, 3, 5, 180, 'Focus on form, add 2.5kg each session',
        NOW() - INTERVAL '90 days', '00000000-0000-0000-0000-000000000020', NULL, NULL),
       ('40000000-0000-0000-0000-000000000002', '30000000-0000-0000-0000-000000000001',
        '20000000-0000-0000-0000-000000000006', 1, 1, 3, 8, 120, 'Control the descent', NOW() - INTERVAL '90 days',
        '00000000-0000-0000-0000-000000000020', NULL, NULL),
       ('40000000-0000-0000-0000-000000000003', '30000000-0000-0000-0000-000000000001',
        '20000000-0000-0000-0000-000000000007', 1, 2, 3, 10, 90, 'Keep torso upright', NOW() - INTERVAL '90 days',
        '00000000-0000-0000-0000-000000000020', NULL, NULL),
       ('40000000-0000-0000-0000-000000000004', '30000000-0000-0000-0000-000000000001',
        '20000000-0000-0000-0000-000000000003', 2, 0, 3, 5, 180, 'Touch chest, full lockout',
        NOW() - INTERVAL '90 days', '00000000-0000-0000-0000-000000000020', NULL, NULL),
       ('40000000-0000-0000-0000-000000000005', '30000000-0000-0000-0000-000000000001',
        '20000000-0000-0000-0000-000000000004', 2, 1, 3, 6, 120, 'Use band if needed', NOW() - INTERVAL '90 days',
        '00000000-0000-0000-0000-000000000020', NULL, NULL),
       ('40000000-0000-0000-0000-000000000006', '30000000-0000-0000-0000-000000000001',
        '20000000-0000-0000-0000-000000000005', 2, 2, 3, 5, 150, 'Press from shoulder rack', NOW() - INTERVAL '90 days',
        '00000000-0000-0000-0000-000000000020', NULL, NULL),
       ('40000000-0000-0000-0000-000000000007', '30000000-0000-0000-0000-000000000001',
        '20000000-0000-0000-0000-000000000002', 3, 0, 1, 5, 300, 'Work up to 1 heavy set', NOW() - INTERVAL '90 days',
        '00000000-0000-0000-0000-000000000020', NULL, NULL),
       ('40000000-0000-0000-0000-000000000008', '30000000-0000-0000-0000-000000000001',
        '20000000-0000-0000-0000-000000000008', 3, 1, 3, 8, 120, 'Full stretch at bottom', NOW() - INTERVAL '90 days',
        '00000000-0000-0000-0000-000000000020', NULL, NULL),
       ('40000000-0000-0000-0000-000000000009', '30000000-0000-0000-0000-000000000001',
        '20000000-0000-0000-0000-000000000014', 3, 2, 3, NULL, 60, 'Hold 30-45 seconds per set',
        NOW() - INTERVAL '90 days', '00000000-0000-0000-0000-000000000020', NULL, NULL),
-- Plan 2: Intermediate Hypertrophy (Day1=Upper, Day2=Lower)
       ('40000000-0000-0000-0000-000000000010', '30000000-0000-0000-0000-000000000002',
        '20000000-0000-0000-0000-000000000003', 1, 0, 4, 8, 120, 'RPE 8, controlled tempo', NOW() - INTERVAL '80 days',
        '00000000-0000-0000-0000-000000000020', NULL, NULL),
       ('40000000-0000-0000-0000-000000000011', '30000000-0000-0000-0000-000000000002',
        '20000000-0000-0000-0000-000000000009', 1, 1, 3, 10, 90, 'Squeeze at top', NOW() - INTERVAL '80 days',
        '00000000-0000-0000-0000-000000000020', NULL, NULL),
       ('40000000-0000-0000-0000-000000000012', '30000000-0000-0000-0000-000000000002',
        '20000000-0000-0000-0000-000000000004', 1, 2, 4, 8, 120, 'Full ROM', NOW() - INTERVAL '80 days',
        '00000000-0000-0000-0000-000000000020', NULL, NULL),
       ('40000000-0000-0000-0000-000000000013', '30000000-0000-0000-0000-000000000002',
        '20000000-0000-0000-0000-000000000005', 1, 3, 3, 10, 90, 'No momentum', NOW() - INTERVAL '80 days',
        '00000000-0000-0000-0000-000000000020', NULL, NULL),
       ('40000000-0000-0000-0000-000000000014', '30000000-0000-0000-0000-000000000002',
        '20000000-0000-0000-0000-000000000016', 1, 4, 3, 12, 60, 'Superset with tricep', NOW() - INTERVAL '80 days',
        '00000000-0000-0000-0000-000000000020', NULL, NULL),
       ('40000000-0000-0000-0000-000000000015', '30000000-0000-0000-0000-000000000002',
        '20000000-0000-0000-0000-000000000001', 2, 0, 4, 8, 150, '3-1-1 tempo', NOW() - INTERVAL '80 days',
        '00000000-0000-0000-0000-000000000020', NULL, NULL),
       ('40000000-0000-0000-0000-000000000016', '30000000-0000-0000-0000-000000000002',
        '20000000-0000-0000-0000-000000000010', 2, 1, 3, 12, 90, 'High foot placement', NOW() - INTERVAL '80 days',
        '00000000-0000-0000-0000-000000000020', NULL, NULL),
       ('40000000-0000-0000-0000-000000000017', '30000000-0000-0000-0000-000000000002',
        '20000000-0000-0000-0000-000000000006', 2, 2, 3, 10, 90, 'Slight knee bend only', NOW() - INTERVAL '80 days',
        '00000000-0000-0000-0000-000000000020', NULL, NULL),
       ('40000000-0000-0000-0000-000000000018', '30000000-0000-0000-0000-000000000002',
        '20000000-0000-0000-0000-000000000020', 2, 3, 3, 12, 90, 'Full hip extension at top',
        NOW() - INTERVAL '80 days', '00000000-0000-0000-0000-000000000020', NULL, NULL);

-- ============================================================
-- TRAINING SESSIONS
-- ============================================================
INSERT INTO training_sessions (id, training_type, start_time, end_time, max_participants, training_status, trainer_id,
                               created_date, created_by, last_modified_date, last_modified_by)
VALUES
-- Upcoming scheduled
('50000000-0000-0000-0000-000000000001', 'GROUP', NOW() + INTERVAL '1 day 09:00', NOW() + INTERVAL '1 day 10:00', 15,
 'SCHEDULED', 'c0000000-0000-0000-0000-000000000001', NOW() - INTERVAL '10 days',
 '00000000-0000-0000-0000-000000000020', NULL, NULL),
('50000000-0000-0000-0000-000000000002', 'GROUP', NOW() + INTERVAL '1 day 18:00', NOW() + INTERVAL '1 day 19:00', 12,
 'SCHEDULED', 'c0000000-0000-0000-0000-000000000002', NOW() - INTERVAL '8 days', '00000000-0000-0000-0000-000000000021',
 NULL, NULL),
('50000000-0000-0000-0000-000000000003', 'PERSONAL', NOW() + INTERVAL '2 days 10:00', NOW() + INTERVAL '2 days 11:00',
 1, 'SCHEDULED', 'c0000000-0000-0000-0000-000000000001', NOW() - INTERVAL '5 days',
 '00000000-0000-0000-0000-000000000020', NULL, NULL),
('50000000-0000-0000-0000-000000000004', 'GROUP', NOW() + INTERVAL '3 days 07:00', NOW() + INTERVAL '3 days 08:00', 20,
 'SCHEDULED', 'c0000000-0000-0000-0000-000000000002', NOW() - INTERVAL '3 days', '00000000-0000-0000-0000-000000000021',
 NULL, NULL),
('50000000-0000-0000-0000-000000000005', 'GROUP', NOW() + INTERVAL '4 days 17:00', NOW() + INTERVAL '4 days 18:30', 10,
 'SCHEDULED', 'c0000000-0000-0000-0000-000000000003', NOW() - INTERVAL '2 days', '00000000-0000-0000-0000-000000000022',
 NULL, NULL),
-- Completed
('50000000-0000-0000-0000-000000000006', 'GROUP', NOW() - INTERVAL '7 days 09:00', NOW() - INTERVAL '7 days 10:00', 15,
 'COMPLETED', 'c0000000-0000-0000-0000-000000000001', NOW() - INTERVAL '20 days',
 '00000000-0000-0000-0000-000000000020', NOW() - INTERVAL '7 days', '00000000-0000-0000-0000-000000000020'),
('50000000-0000-0000-0000-000000000007', 'GROUP', NOW() - INTERVAL '5 days 18:00', NOW() - INTERVAL '5 days 19:00', 12,
 'COMPLETED', 'c0000000-0000-0000-0000-000000000002', NOW() - INTERVAL '20 days',
 '00000000-0000-0000-0000-000000000021', NOW() - INTERVAL '5 days', '00000000-0000-0000-0000-000000000021'),
('50000000-0000-0000-0000-000000000008', 'PERSONAL', NOW() - INTERVAL '3 days 10:00', NOW() - INTERVAL '3 days 11:00',
 1, 'COMPLETED', 'c0000000-0000-0000-0000-000000000001', NOW() - INTERVAL '15 days',
 '00000000-0000-0000-0000-000000000020', NOW() - INTERVAL '3 days', '00000000-0000-0000-0000-000000000020'),
('50000000-0000-0000-0000-000000000009', 'GROUP', NOW() - INTERVAL '10 days 18:00', NOW() - INTERVAL '10 days 19:00',
 15, 'COMPLETED', 'c0000000-0000-0000-0000-000000000001', NOW() - INTERVAL '25 days',
 '00000000-0000-0000-0000-000000000020', NOW() - INTERVAL '10 days', '00000000-0000-0000-0000-000000000020'),
-- Cancelled
('50000000-0000-0000-0000-000000000010', 'GROUP', NOW() - INTERVAL '1 day 09:00', NOW() - INTERVAL '1 day 10:00', 15,
 'CANCELLED', 'c0000000-0000-0000-0000-000000000002', NOW() - INTERVAL '12 days',
 '00000000-0000-0000-0000-000000000021', NOW() - INTERVAL '1 day', '00000000-0000-0000-0000-000000000021'),
-- V11 trainer sessions
('6ba7b822-9dad-11d1-80b4-00c04fd430c8', 'GROUP', NOW() + INTERVAL '2 days 10:00', NOW() + INTERVAL '2 days 11:00', 8,
 'SCHEDULED', '6ba7b811-9dad-11d1-80b4-00c04fd430c8', NOW() - INTERVAL '5 days', '550e8400-e29b-41d4-a716-446655440005',
 NULL, NULL),
('6ba7b823-9dad-11d1-80b4-00c04fd430c8', 'GROUP', NOW() + INTERVAL '4 days 18:00', NOW() + INTERVAL '4 days 19:00', 8,
 'SCHEDULED', '6ba7b811-9dad-11d1-80b4-00c04fd430c8', NOW() - INTERVAL '4 days', '550e8400-e29b-41d4-a716-446655440005',
 NULL, NULL),
('6ba7b826-9dad-11d1-80b4-00c04fd430c8', 'GROUP', NOW() - INTERVAL '4 days 10:00', NOW() - INTERVAL '4 days 11:00', 8,
 'COMPLETED', '6ba7b811-9dad-11d1-80b4-00c04fd430c8', NOW() - INTERVAL '10 days',
 '550e8400-e29b-41d4-a716-446655440005', NOW() - INTERVAL '4 days', '550e8400-e29b-41d4-a716-446655440005');

-- Training session clients
INSERT INTO training_client (training_id, client_id)
VALUES ('50000000-0000-0000-0000-000000000001', 'd0000000-0000-0000-0000-000000000001'),
       ('50000000-0000-0000-0000-000000000001', 'd0000000-0000-0000-0000-000000000003'),
       ('50000000-0000-0000-0000-000000000001', 'd0000000-0000-0000-0000-000000000005'),
       ('50000000-0000-0000-0000-000000000002', 'd0000000-0000-0000-0000-000000000002'),
       ('50000000-0000-0000-0000-000000000002', 'd0000000-0000-0000-0000-000000000004'),
       ('50000000-0000-0000-0000-000000000002', 'd0000000-0000-0000-0000-000000000006'),
       ('50000000-0000-0000-0000-000000000003', 'd0000000-0000-0000-0000-000000000001'),
       ('50000000-0000-0000-0000-000000000004', 'd0000000-0000-0000-0000-000000000002'),
       ('50000000-0000-0000-0000-000000000004', 'd0000000-0000-0000-0000-000000000004'),
       ('50000000-0000-0000-0000-000000000004', 'd0000000-0000-0000-0000-000000000005'),
       ('50000000-0000-0000-0000-000000000005', 'd0000000-0000-0000-0000-000000000003'),
       ('50000000-0000-0000-0000-000000000005', 'd0000000-0000-0000-0000-000000000005'),
       ('50000000-0000-0000-0000-000000000006', 'd0000000-0000-0000-0000-000000000001'),
       ('50000000-0000-0000-0000-000000000006', 'd0000000-0000-0000-0000-000000000003'),
       ('50000000-0000-0000-0000-000000000006', 'd0000000-0000-0000-0000-000000000005'),
       ('50000000-0000-0000-0000-000000000007', 'd0000000-0000-0000-0000-000000000002'),
       ('50000000-0000-0000-0000-000000000007', 'd0000000-0000-0000-0000-000000000004'),
       ('50000000-0000-0000-0000-000000000008', 'd0000000-0000-0000-0000-000000000001'),
       ('50000000-0000-0000-0000-000000000009', 'd0000000-0000-0000-0000-000000000001'),
       ('50000000-0000-0000-0000-000000000009', 'd0000000-0000-0000-0000-000000000002'),
       ('50000000-0000-0000-0000-000000000009', 'd0000000-0000-0000-0000-000000000003'),
       ('6ba7b822-9dad-11d1-80b4-00c04fd430c8', '6ba7b812-9dad-11d1-80b4-00c04fd430c8'),
       ('6ba7b822-9dad-11d1-80b4-00c04fd430c8', '6ba7b813-9dad-11d1-80b4-00c04fd430c8'),
       ('6ba7b823-9dad-11d1-80b4-00c04fd430c8', '6ba7b812-9dad-11d1-80b4-00c04fd430c8'),
       ('6ba7b826-9dad-11d1-80b4-00c04fd430c8', '6ba7b812-9dad-11d1-80b4-00c04fd430c8');

-- ============================================================
-- ATTENDANCES
-- ============================================================
INSERT INTO attendances (id, check_in_time, client_id, session_id, created_date, created_by, last_modified_date,
                         last_modified_by)
VALUES ('60000000-0000-0000-0000-000000000001', NOW() - INTERVAL '7 days 09:05', 'd0000000-0000-0000-0000-000000000001',
        '50000000-0000-0000-0000-000000000006', NOW() - INTERVAL '7 days', 'c0000000-0000-0000-0000-000000000001', NULL,
        NULL),
       ('60000000-0000-0000-0000-000000000002', NOW() - INTERVAL '7 days 09:10', 'd0000000-0000-0000-0000-000000000003',
        '50000000-0000-0000-0000-000000000006', NOW() - INTERVAL '7 days', 'c0000000-0000-0000-0000-000000000001', NULL,
        NULL),
       ('60000000-0000-0000-0000-000000000003', NOW() - INTERVAL '7 days 09:08', 'd0000000-0000-0000-0000-000000000005',
        '50000000-0000-0000-0000-000000000006', NOW() - INTERVAL '7 days', 'c0000000-0000-0000-0000-000000000001', NULL,
        NULL),
       ('60000000-0000-0000-0000-000000000004', NOW() - INTERVAL '5 days 18:03', 'd0000000-0000-0000-0000-000000000002',
        '50000000-0000-0000-0000-000000000007', NOW() - INTERVAL '5 days', 'c0000000-0000-0000-0000-000000000002', NULL,
        NULL),
       ('60000000-0000-0000-0000-000000000005', NOW() - INTERVAL '5 days 18:07', 'd0000000-0000-0000-0000-000000000004',
        '50000000-0000-0000-0000-000000000007', NOW() - INTERVAL '5 days', 'c0000000-0000-0000-0000-000000000002', NULL,
        NULL),
       ('60000000-0000-0000-0000-000000000006', NOW() - INTERVAL '3 days 10:01', 'd0000000-0000-0000-0000-000000000001',
        '50000000-0000-0000-0000-000000000008', NOW() - INTERVAL '3 days', 'c0000000-0000-0000-0000-000000000001', NULL,
        NULL),
       ('60000000-0000-0000-0000-000000000007', NOW() - INTERVAL '10 days 18:02',
        'd0000000-0000-0000-0000-000000000001', '50000000-0000-0000-0000-000000000009', NOW() - INTERVAL '10 days',
        'c0000000-0000-0000-0000-000000000001', NULL, NULL),
       ('60000000-0000-0000-0000-000000000008', NOW() - INTERVAL '10 days 18:05',
        'd0000000-0000-0000-0000-000000000002', '50000000-0000-0000-0000-000000000009', NOW() - INTERVAL '10 days',
        'c0000000-0000-0000-0000-000000000001', NULL, NULL),
       ('60000000-0000-0000-0000-000000000009', NOW() - INTERVAL '10 days 18:09',
        'd0000000-0000-0000-0000-000000000003', '50000000-0000-0000-0000-000000000009', NOW() - INTERVAL '10 days',
        'c0000000-0000-0000-0000-000000000001', NULL, NULL),
       ('6ba7b827-9dad-11d1-80b4-00c04fd430c8', NOW() - INTERVAL '4 days 10:03', '6ba7b812-9dad-11d1-80b4-00c04fd430c8',
        '6ba7b826-9dad-11d1-80b4-00c04fd430c8', NOW() - INTERVAL '4 days', '550e8400-e29b-41d4-a716-446655440005', NULL,
        NULL);

-- ============================================================
-- CLIENT WORKOUT PLAN ASSIGNMENTS
-- ============================================================
INSERT INTO client_workout_plans (id, client_id, workout_plan_id, assigned_date, start_date, end_date, status,
                                  completion_percentage, created_date, created_by, last_modified_date, last_modified_by)
VALUES ('70000000-0000-0000-0000-000000000001', 'd0000000-0000-0000-0000-000000000001',
        '30000000-0000-0000-0000-000000000002', NOW() - INTERVAL '45 days', NOW() - INTERVAL '40 days', NULL,
        'IN_PROGRESS', 42.0, NOW() - INTERVAL '45 days', '00000000-0000-0000-0000-000000000020',
        NOW() - INTERVAL '10 days', '00000000-0000-0000-0000-000000000020'),
       ('70000000-0000-0000-0000-000000000002', 'd0000000-0000-0000-0000-000000000002',
        '30000000-0000-0000-0000-000000000004', NOW() - INTERVAL '35 days', NOW() - INTERVAL '30 days', NULL,
        'IN_PROGRESS', 55.0, NOW() - INTERVAL '35 days', '00000000-0000-0000-0000-000000000021',
        NOW() - INTERVAL '5 days', '00000000-0000-0000-0000-000000000021'),
       ('70000000-0000-0000-0000-000000000003', 'd0000000-0000-0000-0000-000000000003',
        '30000000-0000-0000-0000-000000000002', NOW() - INTERVAL '30 days', NOW() - INTERVAL '25 days', NULL,
        'IN_PROGRESS', 28.0, NOW() - INTERVAL '30 days', '00000000-0000-0000-0000-000000000020',
        NOW() - INTERVAL '8 days', '00000000-0000-0000-0000-000000000020'),
       ('70000000-0000-0000-0000-000000000004', 'd0000000-0000-0000-0000-000000000004',
        '30000000-0000-0000-0000-000000000005', NOW() - INTERVAL '20 days', NOW() - INTERVAL '15 days', NULL,
        'IN_PROGRESS', 20.0, NOW() - INTERVAL '20 days', '00000000-0000-0000-0000-000000000021',
        NOW() - INTERVAL '3 days', '00000000-0000-0000-0000-000000000021'),
       ('70000000-0000-0000-0000-000000000005', 'd0000000-0000-0000-0000-000000000005',
        '30000000-0000-0000-0000-000000000007', NOW() - INTERVAL '10 days', NOW() - INTERVAL '8 days', NULL,
        'IN_PROGRESS', 8.0, NOW() - INTERVAL '10 days', '00000000-0000-0000-0000-000000000022',
        NOW() - INTERVAL '2 days', '00000000-0000-0000-0000-000000000022'),
       ('70000000-0000-0000-0000-000000000006', 'd0000000-0000-0000-0000-000000000006',
        '30000000-0000-0000-0000-000000000005', NOW() - INTERVAL '5 days', NULL, NULL, 'ASSIGNED', 0.0,
        NOW() - INTERVAL '5 days', '00000000-0000-0000-0000-000000000021', NULL, NULL),
-- Completed
       ('70000000-0000-0000-0000-000000000007', 'd0000000-0000-0000-0000-000000000001',
        '30000000-0000-0000-0000-000000000001', NOW() - INTERVAL '90 days', NOW() - INTERVAL '85 days',
        NOW() - INTERVAL '45 days', 'COMPLETED', 100.0, NOW() - INTERVAL '90 days',
        '00000000-0000-0000-0000-000000000020', NOW() - INTERVAL '45 days', '00000000-0000-0000-0000-000000000020'),
-- Cancelled
       ('70000000-0000-0000-0000-000000000008', 'd0000000-0000-0000-0000-000000000003',
        '30000000-0000-0000-0000-000000000006', NOW() - INTERVAL '50 days', NOW() - INTERVAL '45 days',
        NOW() - INTERVAL '35 days', 'CANCELLED', 22.0, NOW() - INTERVAL '50 days',
        '00000000-0000-0000-0000-000000000022', NOW() - INTERVAL '35 days', '00000000-0000-0000-0000-000000000022'),
-- V11 clients
       ('6ba7b830-9dad-11d1-80b4-00c04fd430c8', '6ba7b812-9dad-11d1-80b4-00c04fd430c8',
        '30000000-0000-0000-0000-000000000001', NOW() - INTERVAL '20 days', NOW() - INTERVAL '18 days', NULL,
        'IN_PROGRESS', 22.0, NOW() - INTERVAL '20 days', '00000000-0000-0000-0000-000000000020',
        NOW() - INTERVAL '5 days', '00000000-0000-0000-0000-000000000020'),
       ('6ba7b831-9dad-11d1-80b4-00c04fd430c8', '6ba7b813-9dad-11d1-80b4-00c04fd430c8',
        '30000000-0000-0000-0000-000000000004', NOW() - INTERVAL '14 days', NOW() - INTERVAL '12 days', NULL,
        'IN_PROGRESS', 10.0, NOW() - INTERVAL '14 days', '00000000-0000-0000-0000-000000000021',
        NOW() - INTERVAL '2 days', '00000000-0000-0000-0000-000000000021'),
       ('6ba7b832-9dad-11d1-80b4-00c04fd430c8', '6ba7b814-9dad-11d1-80b4-00c04fd430c8',
        '30000000-0000-0000-0000-000000000007', NOW() - INTERVAL '9 days', NULL, NULL, 'ASSIGNED', 0.0,
        NOW() - INTERVAL '9 days', '00000000-0000-0000-0000-000000000022', NULL, NULL);

-- ============================================================
-- WORKOUT LOGS
-- ============================================================
INSERT INTO workout_logs (id, client_workout_plan_id, exercise_id, workout_date, sets_completed, reps_completed,
                          weight_used, duration_seconds, notes, difficulty_rating, created_date, created_by,
                          last_modified_date, last_modified_by)
VALUES ('80000000-0000-0000-0000-000000000001', '70000000-0000-0000-0000-000000000001',
        '20000000-0000-0000-0000-000000000003', NOW() - INTERVAL '39 days', 4, 8, 80.0, NULL,
        'Felt strong, good form throughout', 7, NOW() - INTERVAL '39 days', '550e8400-e29b-41d4-a716-446655440001',
        NULL, NULL),
       ('80000000-0000-0000-0000-000000000002', '70000000-0000-0000-0000-000000000001',
        '20000000-0000-0000-0000-000000000004', NOW() - INTERVAL '39 days', 4, 7, NULL, NULL,
        'Last set incomplete, need more work', 8, NOW() - INTERVAL '39 days', '550e8400-e29b-41d4-a716-446655440001',
        NULL, NULL),
       ('80000000-0000-0000-0000-000000000003', '70000000-0000-0000-0000-000000000001',
        '20000000-0000-0000-0000-000000000001', NOW() - INTERVAL '37 days', 4, 8, 100.0, NULL,
        'Good depth, slight fatigue at end', 7, NOW() - INTERVAL '37 days', '550e8400-e29b-41d4-a716-446655440001',
        NULL, NULL),
       ('80000000-0000-0000-0000-000000000004', '70000000-0000-0000-0000-000000000001',
        '20000000-0000-0000-0000-000000000003', NOW() - INTERVAL '32 days', 4, 8, 82.5, NULL,
        'Progressive overload +2.5kg', 7, NOW() - INTERVAL '32 days', '550e8400-e29b-41d4-a716-446655440001', NULL,
        NULL),
       ('80000000-0000-0000-0000-000000000005', '70000000-0000-0000-0000-000000000001',
        '20000000-0000-0000-0000-000000000001', NOW() - INTERVAL '30 days', 4, 8, 102.5, NULL,
        'Hips rising too fast on 3rd set', 8, NOW() - INTERVAL '30 days', '550e8400-e29b-41d4-a716-446655440001', NULL,
        NULL),
       ('80000000-0000-0000-0000-000000000006', '70000000-0000-0000-0000-000000000002',
        '20000000-0000-0000-0000-000000000011', NOW() - INTERVAL '28 days', 1, NULL, NULL, 1800,
        'Ran 5km in 30min, felt great', 6, NOW() - INTERVAL '28 days', '550e8400-e29b-41d4-a716-446655440002', NULL,
        NULL),
       ('80000000-0000-0000-0000-000000000007', '70000000-0000-0000-0000-000000000002',
        '20000000-0000-0000-0000-000000000013', NOW() - INTERVAL '25 days', 4, 10, NULL, NULL,
        'Very tough, needed extra rest', 9, NOW() - INTERVAL '25 days', '550e8400-e29b-41d4-a716-446655440002', NULL,
        NULL),
       ('80000000-0000-0000-0000-000000000008', '70000000-0000-0000-0000-000000000003',
        '20000000-0000-0000-0000-000000000003', NOW() - INTERVAL '24 days', 4, 8, 90.0, NULL, 'Good session', 7,
        NOW() - INTERVAL '24 days', '550e8400-e29b-41d4-a716-446655440003', NULL, NULL),
       ('80000000-0000-0000-0000-000000000009', '70000000-0000-0000-0000-000000000003',
        '20000000-0000-0000-0000-000000000001', NOW() - INTERVAL '22 days', 4, 8, 120.0, NULL, 'PR depth, very happy',
        6, NOW() - INTERVAL '22 days', '550e8400-e29b-41d4-a716-446655440003', NULL, NULL),
-- V11 clients
       ('6ba7b840-9dad-11d1-80b4-00c04fd430c8', '6ba7b830-9dad-11d1-80b4-00c04fd430c8',
        '20000000-0000-0000-0000-000000000001', NOW() - INTERVAL '17 days', 3, 5, 60.0, NULL,
        'First time squatting with bar, coach watched form', 8, NOW() - INTERVAL '17 days',
        '550e8400-e29b-41d4-a716-446655440001', NULL, NULL),
       ('6ba7b841-9dad-11d1-80b4-00c04fd430c8', '6ba7b830-9dad-11d1-80b4-00c04fd430c8',
        '20000000-0000-0000-0000-000000000003', NOW() - INTERVAL '17 days', 3, 5, 50.0, NULL,
        'Bar path felt off on last set', 7, NOW() - INTERVAL '17 days', '550e8400-e29b-41d4-a716-446655440001', NULL,
        NULL),
       ('6ba7b842-9dad-11d1-80b4-00c04fd430c8', '6ba7b830-9dad-11d1-80b4-00c04fd430c8',
        '20000000-0000-0000-0000-000000000002', NOW() - INTERVAL '14 days', 1, 5, 80.0, NULL,
        'Heavier than expected, kept form tight', 9, NOW() - INTERVAL '14 days', '550e8400-e29b-41d4-a716-446655440001',
        NULL, NULL),
       ('6ba7b843-9dad-11d1-80b4-00c04fd430c8', '6ba7b830-9dad-11d1-80b4-00c04fd430c8',
        '20000000-0000-0000-0000-000000000001', NOW() - INTERVAL '10 days', 3, 5, 62.5, NULL,
        'Added 2.5kg, depth improved', 7, NOW() - INTERVAL '10 days', '550e8400-e29b-41d4-a716-446655440001', NULL,
        NULL),
       ('6ba7b847-9dad-11d1-80b4-00c04fd430c8', '6ba7b831-9dad-11d1-80b4-00c04fd430c8',
        '20000000-0000-0000-0000-000000000011', NOW() - INTERVAL '11 days', 1, NULL, NULL, 1500,
        'Easy 25min jog, catching breath', 5, NOW() - INTERVAL '11 days', '550e8400-e29b-41d4-a716-446655440002', NULL,
        NULL),
       ('6ba7b848-9dad-11d1-80b4-00c04fd430c8', '6ba7b831-9dad-11d1-80b4-00c04fd430c8',
        '20000000-0000-0000-0000-000000000014', NOW() - INTERVAL '9 days', 3, NULL, NULL, 90,
        '3x30s plank, core was burning', 7, NOW() - INTERVAL '9 days', '550e8400-e29b-41d4-a716-446655440002', NULL,
        NULL),
       ('6ba7b849-9dad-11d1-80b4-00c04fd430c8', '6ba7b831-9dad-11d1-80b4-00c04fd430c8',
        '20000000-0000-0000-0000-000000000011', NOW() - INTERVAL '6 days', 1, NULL, NULL, 1800,
        'Full 30min run! Massive improvement', 6, NOW() - INTERVAL '6 days', '550e8400-e29b-41d4-a716-446655440002',
        NULL, NULL);

-- ============================================================
-- BODY MEASUREMENTS
-- ============================================================
INSERT INTO body_measurements (id, client_id, measurement_date, weight, body_fat_percentage, muscle_mass, bmi, bmr,
                               body_water_percentage, body_mass, visceral_fat_level, notes, created_date, created_by,
                               last_modified_date, last_modified_by)
VALUES ('90000000-0000-0000-0000-000000000001', 'd0000000-0000-0000-0000-000000000001', NOW() - INTERVAL '90 days',
        91.0, 18.5, 68.0, 27.4, 2120, 62.0, 3.8, 4, 'Initial assessment', NOW() - INTERVAL '90 days',
        'a0000000-0000-0000-0000-000000000031', NULL, NULL),
       ('90000000-0000-0000-0000-000000000002', 'd0000000-0000-0000-0000-000000000001', NOW() - INTERVAL '45 days',
        89.5, 17.8, 68.8, 26.9, 2095, 62.5, 3.7, 4, 'Good progress after 6 weeks', NOW() - INTERVAL '45 days',
        'a0000000-0000-0000-0000-000000000031', NULL, NULL),
       ('90000000-0000-0000-0000-000000000003', 'd0000000-0000-0000-0000-000000000001', NOW() - INTERVAL '7 days', 88.5,
        16.9, 69.5, 26.7, 2070, 63.2, 3.6, 3, 'Best results yet', NOW() - INTERVAL '7 days',
        'a0000000-0000-0000-0000-000000000031', NULL, NULL),
       ('90000000-0000-0000-0000-000000000004', 'd0000000-0000-0000-0000-000000000002', NOW() - INTERVAL '80 days',
        60.5, 25.2, 42.0, 22.2, 1440, 58.0, 2.5, 3, 'Starting baseline', NOW() - INTERVAL '80 days',
        'a0000000-0000-0000-0000-000000000032', NULL, NULL),
       ('90000000-0000-0000-0000-000000000005', 'd0000000-0000-0000-0000-000000000002', NOW() - INTERVAL '40 days',
        59.0, 24.1, 42.5, 21.7, 1425, 58.8, 2.4, 3, 'Slow but steady progress', NOW() - INTERVAL '40 days',
        'a0000000-0000-0000-0000-000000000032', NULL, NULL),
       ('90000000-0000-0000-0000-000000000006', 'd0000000-0000-0000-0000-000000000003', NOW() - INTERVAL '70 days',
        97.0, 22.0, 72.5, 31.7, 2380, 59.0, 4.2, 7, 'High visceral fat, need cardio', NOW() - INTERVAL '70 days',
        'a0000000-0000-0000-0000-000000000033', NULL, NULL),
       ('90000000-0000-0000-0000-000000000007', 'd0000000-0000-0000-0000-000000000003', NOW() - INTERVAL '25 days',
        95.0, 20.5, 73.2, 31.0, 2340, 60.0, 4.1, 6, 'Improving, cardio added', NOW() - INTERVAL '25 days',
        'a0000000-0000-0000-0000-000000000033', NULL, NULL),
       ('90000000-0000-0000-0000-000000000008', 'd0000000-0000-0000-0000-000000000005', NOW() - INTERVAL '55 days',
        84.0, 19.5, 63.0, 26.5, 1990, 61.5, 3.5, 5, 'Initial intake', NOW() - INTERVAL '55 days',
        'a0000000-0000-0000-0000-000000000035', NULL, NULL),
-- V11 clients
       ('6ba7b851-9dad-11d1-80b4-00c04fd430c8', '6ba7b812-9dad-11d1-80b4-00c04fd430c8', NOW() - INTERVAL '23 days',
        79.5, 21.0, 58.5, 24.8, 1920, 60.0, 3.4, 4, 'Initial assessment.', NOW() - INTERVAL '23 days',
        '550e8400-e29b-41d4-a716-446655440005', NULL, NULL),
       ('6ba7b852-9dad-11d1-80b4-00c04fd430c8', '6ba7b813-9dad-11d1-80b4-00c04fd430c8', NOW() - INTERVAL '16 days',
        58.0, 27.5, 39.5, 21.8, 1398, 57.5, 2.3, 3, 'Initial measurement.', NOW() - INTERVAL '16 days',
        '550e8400-e29b-41d4-a716-446655440005', NULL, NULL);

-- ============================================================
-- GOALS
-- ============================================================
INSERT INTO goals (id, client_id, title, description, goal_type, start_value, target_value, current_value, unit,
                   start_date, target_date, completion_date, status, progress_percentage, notes, version, created_date,
                   created_by)
VALUES ('a1000000-0000-0000-0000-000000000001', 'd0000000-0000-0000-0000-000000000001', 'Lose 5kg body fat',
        'Reduce body fat while maintaining muscle mass', 'WEIGHT_LOSS', 91.0, 86.0, 88.5, 'KG',
        NOW() - INTERVAL '90 days', NOW() + INTERVAL '30 days', NULL, 'ACTIVE', 50.0, 'Progress going well', 0,
        NOW() - INTERVAL '90 days', 'a0000000-0000-0000-0000-000000000031'),
       ('a1000000-0000-0000-0000-000000000002', 'd0000000-0000-0000-0000-000000000001', '100kg Squat 1RM',
        'Reach 100kg for a clean single squat', 'STRENGTH', 80.0, 100.0, 102.5, 'KG', NOW() - INTERVAL '90 days',
        NOW() + INTERVAL '45 days', NOW() - INTERVAL '5 days', 'COMPLETED', 100.0, 'Achieved ahead of schedule!', 0,
        NOW() - INTERVAL '90 days', 'a0000000-0000-0000-0000-000000000031'),
       ('a1000000-0000-0000-0000-000000000003', 'd0000000-0000-0000-0000-000000000002', 'Run 5km without stopping',
        'Build cardio base to run a continuous 5km', 'ENDURANCE', 0.0, 5.0, 4.2, 'KM', NOW() - INTERVAL '80 days',
        NOW() + INTERVAL '20 days', NULL, 'ACTIVE', 84.0, 'Almost there!', 0, NOW() - INTERVAL '80 days',
        'a0000000-0000-0000-0000-000000000032'),
       ('a1000000-0000-0000-0000-000000000004', 'd0000000-0000-0000-0000-000000000003', 'Reduce visceral fat to 5',
        'Bring visceral fat rating down through diet', 'WEIGHT_LOSS', 7.0, 5.0, 6.0, 'KG', NOW() - INTERVAL '70 days',
        NOW() + INTERVAL '50 days', NULL, 'ACTIVE', 50.0, 'Diet improved significantly', 0, NOW() - INTERVAL '70 days',
        'a0000000-0000-0000-0000-000000000033'),
       ('a1000000-0000-0000-0000-000000000005', 'd0000000-0000-0000-0000-000000000004', 'Lose 8kg',
        'Weight loss goal through training and nutrition', 'WEIGHT_LOSS', 62.5, 54.5, 60.0, 'KG',
        NOW() - INTERVAL '75 days', NOW() + INTERVAL '90 days', NULL, 'ACTIVE', 30.0, 'Starting to see results', 0,
        NOW() - INTERVAL '75 days', 'a0000000-0000-0000-0000-000000000034'),
       ('a1000000-0000-0000-0000-000000000006', 'd0000000-0000-0000-0000-000000000005', 'Deadlift 140kg',
        'Progress deadlift from 110kg to 140kg', 'STRENGTH', 110.0, 140.0, 115.0, 'KG', NOW() - INTERVAL '60 days',
        NOW() + INTERVAL '120 days', NULL, 'ACTIVE', 16.7, 'Slow start but consistent', 0, NOW() - INTERVAL '60 days',
        'a0000000-0000-0000-0000-000000000035'),
       ('a1000000-0000-0000-0000-000000000007', 'd0000000-0000-0000-0000-000000000006', 'Improve flexibility',
        'Achieve full forward fold with flat back', 'ENDURANCE', 0.0, 100.0, 35.0, 'REPS', NOW() - INTERVAL '50 days',
        NOW() + INTERVAL '130 days', NULL, 'ACTIVE', 35.0, 'Yoga sessions paying off', 0, NOW() - INTERVAL '50 days',
        'a0000000-0000-0000-0000-000000000036'),
-- V11 clients
       ('6ba7b860-9dad-11d1-80b4-00c04fd430c8', '6ba7b813-9dad-11d1-80b4-00c04fd430c8', 'Run 10km',
        'First running milestone — build from scratch', 'ENDURANCE', 0.0, 10.0, 1.5, 'KM', NOW() - INTERVAL '11 days',
        NOW() + INTERVAL '50 days', NULL, 'ACTIVE', 15.0, 'Started jogging program.', 0, NOW() - INTERVAL '11 days',
        '550e8400-e29b-41d4-a716-446655440002'),
       ('6ba7b861-9dad-11d1-80b4-00c04fd430c8', '6ba7b812-9dad-11d1-80b4-00c04fd430c8', 'Reach 81kg body weight',
        'Lean bulk — add 3kg of quality muscle mass', 'MUSCLE_GAIN', 78.0, 81.0, 79.5, 'KG', NOW() - INTERVAL '22 days',
        NOW() + INTERVAL '68 days', NULL, 'ACTIVE', 50.0, 'Gained 1.5kg in first 3 weeks.', 0,
        NOW() - INTERVAL '22 days', '550e8400-e29b-41d4-a716-446655440001');

-- ============================================================
-- PERSONAL RECORDS
-- ============================================================
INSERT INTO personal_records (id, client_id, exercise_id, record_type, value, unit, record_date, previous_record, notes,
                              is_current_best, created_date, created_by)
VALUES ('b0000000-0000-0000-0000-000000000001', 'd0000000-0000-0000-0000-000000000001',
        '20000000-0000-0000-0000-000000000001', 'MAX_WEIGHT', 102.5, 'KG', NOW() - INTERVAL '5 days', 95.0,
        'New PR! Clean depth.', TRUE, NOW() - INTERVAL '5 days', 'a0000000-0000-0000-0000-000000000031'),
       ('b0000000-0000-0000-0000-000000000002', 'd0000000-0000-0000-0000-000000000001',
        '20000000-0000-0000-0000-000000000001', 'MAX_WEIGHT', 95.0, 'KG', NOW() - INTERVAL '45 days', 87.5,
        'Old record before PR.', FALSE, NOW() - INTERVAL '45 days', 'a0000000-0000-0000-0000-000000000031'),
       ('b0000000-0000-0000-0000-000000000003', 'd0000000-0000-0000-0000-000000000001',
        '20000000-0000-0000-0000-000000000003', 'MAX_WEIGHT', 95.0, 'KG', NOW() - INTERVAL '20 days', 90.0,
        'Good lockout.', TRUE, NOW() - INTERVAL '20 days', 'a0000000-0000-0000-0000-000000000031'),
       ('b0000000-0000-0000-0000-000000000004', 'd0000000-0000-0000-0000-000000000001',
        '20000000-0000-0000-0000-000000000002', 'MAX_WEIGHT', 140.0, 'KG', NOW() - INTERVAL '15 days', 130.0,
        'Solid pull.', TRUE, NOW() - INTERVAL '15 days', 'a0000000-0000-0000-0000-000000000031'),
       ('b0000000-0000-0000-0000-000000000005', 'd0000000-0000-0000-0000-000000000003',
        '20000000-0000-0000-0000-000000000001', 'MAX_WEIGHT', 130.0, 'KG', NOW() - INTERVAL '22 days', NULL,
        'First tested max.', TRUE, NOW() - INTERVAL '22 days', 'a0000000-0000-0000-0000-000000000033'),
       ('b0000000-0000-0000-0000-000000000006', 'd0000000-0000-0000-0000-000000000003',
        '20000000-0000-0000-0000-000000000003', 'MAX_WEIGHT', 105.0, 'KG', NOW() - INTERVAL '18 days', NULL,
        'Comfortable with form.', TRUE, NOW() - INTERVAL '18 days', 'a0000000-0000-0000-0000-000000000033'),
       ('b0000000-0000-0000-0000-000000000007', 'd0000000-0000-0000-0000-000000000005',
        '20000000-0000-0000-0000-000000000002', 'MAX_WEIGHT', 115.0, 'KG', NOW() - INTERVAL '30 days', NULL,
        'Initial test.', TRUE, NOW() - INTERVAL '30 days', 'a0000000-0000-0000-0000-000000000035'),
-- V11 client
       ('6ba7b872-9dad-11d1-80b4-00c04fd430c8', '6ba7b812-9dad-11d1-80b4-00c04fd430c8',
        '20000000-0000-0000-0000-000000000001', 'MAX_WEIGHT', 70.0, 'KG', NOW() - INTERVAL '5 days', NULL,
        'First tested max squat.', TRUE, NOW() - INTERVAL '5 days', '550e8400-e29b-41d4-a716-446655440001');

-- ============================================================
-- PROGRESS PHOTOS
-- ============================================================
INSERT INTO progress_photos (id, client_id, photo_date, photo_url, angle, notes, measurement_id, created_date,
                             created_by)
VALUES ('c0000000-0000-0000-0001-000000000001', 'd0000000-0000-0000-0000-000000000001', NOW() - INTERVAL '90 days',
        'https://storage.fithub.com/progress/cp001/front_day0.jpg', 'FRONT', 'Starting point',
        '90000000-0000-0000-0000-000000000001', NOW() - INTERVAL '90 days', 'a0000000-0000-0000-0000-000000000031'),
       ('c0000000-0000-0000-0001-000000000002', 'd0000000-0000-0000-0000-000000000001', NOW() - INTERVAL '90 days',
        'https://storage.fithub.com/progress/cp001/side_day0.jpg', 'SIDE', 'Starting point side',
        '90000000-0000-0000-0000-000000000001', NOW() - INTERVAL '90 days', 'a0000000-0000-0000-0000-000000000031'),
       ('c0000000-0000-0000-0001-000000000003', 'd0000000-0000-0000-0000-000000000001', NOW() - INTERVAL '45 days',
        'https://storage.fithub.com/progress/cp001/front_day45.jpg', 'FRONT', '45-day check-in',
        '90000000-0000-0000-0000-000000000002', NOW() - INTERVAL '45 days', 'a0000000-0000-0000-0000-000000000031'),
       ('c0000000-0000-0000-0001-000000000004', 'd0000000-0000-0000-0000-000000000001', NOW() - INTERVAL '7 days',
        'https://storage.fithub.com/progress/cp001/front_day83.jpg', 'FRONT', 'Looking lean!',
        '90000000-0000-0000-0000-000000000003', NOW() - INTERVAL '7 days', 'a0000000-0000-0000-0000-000000000031'),
       ('c0000000-0000-0000-0001-000000000005', 'd0000000-0000-0000-0000-000000000002', NOW() - INTERVAL '80 days',
        'https://storage.fithub.com/progress/cp002/front_day0.jpg', 'FRONT', 'Baseline photo',
        '90000000-0000-0000-0000-000000000004', NOW() - INTERVAL '80 days', 'a0000000-0000-0000-0000-000000000032'),
       ('c0000000-0000-0000-0001-000000000006', 'd0000000-0000-0000-0000-000000000003', NOW() - INTERVAL '70 days',
        'https://storage.fithub.com/progress/cp003/front_day0.jpg', 'FRONT', 'Start of journey',
        '90000000-0000-0000-0000-000000000006', NOW() - INTERVAL '70 days', 'a0000000-0000-0000-0000-000000000033'),
-- V11 client
       ('6ba7b8a2-9dad-11d1-80b4-00c04fd430c8', '6ba7b812-9dad-11d1-80b4-00c04fd430c8', NOW() - INTERVAL '22 days',
        'https://storage.fithub.com/progress/cp009/front_day0.jpg', 'FRONT', 'Starting photo.',
        '6ba7b851-9dad-11d1-80b4-00c04fd430c8', NOW() - INTERVAL '22 days', '550e8400-e29b-41d4-a716-446655440001');

-- ============================================================
-- FOODS
-- ============================================================
INSERT INTO foods (id, name, brand, serving_size, serving_unit, calories_per_serving, protein_per_serving,
                   carbs_per_serving, fats_per_serving, fiber_per_serving, sugar_per_serving, barcode, active,
                   created_date, created_by, last_modified_date, last_modified_by)
VALUES ('d0000000-0000-0000-0001-000000000001', 'Chicken Breast', NULL, 100.0, 'GRAM', 165, 31.0, 0.0, 3.6, 0.0, 0.0,
        NULL, TRUE, NOW() - INTERVAL '80 days', '00000000-0000-0000-0000-000000000010', NULL, NULL),
       ('d0000000-0000-0000-0001-000000000002', 'Brown Rice', NULL, 100.0, 'GRAM', 111, 2.6, 23.0, 0.9, 1.8, 0.4, NULL,
        TRUE, NOW() - INTERVAL '80 days', '00000000-0000-0000-0000-000000000010', NULL, NULL),
       ('d0000000-0000-0000-0001-000000000003', 'Broccoli', NULL, 100.0, 'GRAM', 34, 2.8, 6.6, 0.4, 2.6, 1.7, NULL,
        TRUE, NOW() - INTERVAL '80 days', '00000000-0000-0000-0000-000000000010', NULL, NULL),
       ('d0000000-0000-0000-0001-000000000004', 'Whole Eggs', NULL, 1.0, 'GRAM', 72, 6.3, 0.4, 4.8, 0.0, 0.4, NULL,
        TRUE, NOW() - INTERVAL '80 days', '00000000-0000-0000-0000-000000000010', NULL, NULL),
       ('d0000000-0000-0000-0001-000000000005', 'Greek Yogurt 0%', 'Lactel', 150.0, 'GRAM', 87, 15.0, 7.0, 0.4, 0.0,
        6.0, '4823000123001', TRUE, NOW() - INTERVAL '79 days', '00000000-0000-0000-0000-000000000010', NULL, NULL),
       ('d0000000-0000-0000-0001-000000000006', 'Oatmeal', NULL, 100.0, 'GRAM', 389, 17.0, 66.0, 7.0, 10.0, 1.1, NULL,
        TRUE, NOW() - INTERVAL '79 days', '00000000-0000-0000-0000-000000000010', NULL, NULL),
       ('d0000000-0000-0000-0001-000000000007', 'Whey Protein Chocolate', 'Optimum Nutrition', 30.0, 'SCOOP', 120, 24.0,
        3.0, 2.5, 0.5, 2.0, '0748927029628', TRUE, NOW() - INTERVAL '78 days', '00000000-0000-0000-0000-000000000010',
        NULL, NULL),
       ('d0000000-0000-0000-0001-000000000008', 'Sweet Potato', NULL, 100.0, 'GRAM', 86, 1.6, 20.0, 0.1, 3.0, 4.2, NULL,
        TRUE, NOW() - INTERVAL '78 days', '00000000-0000-0000-0000-000000000010', NULL, NULL),
       ('d0000000-0000-0000-0001-000000000009', 'Salmon', NULL, 100.0, 'GRAM', 208, 20.0, 0.0, 13.0, 0.0, 0.0, NULL,
        TRUE, NOW() - INTERVAL '77 days', '00000000-0000-0000-0000-000000000010', NULL, NULL),
       ('d0000000-0000-0000-0001-000000000010', 'Avocado', NULL, 100.0, 'GRAM', 160, 2.0, 9.0, 15.0, 7.0, 0.7, NULL,
        TRUE, NOW() - INTERVAL '77 days', '00000000-0000-0000-0000-000000000010', NULL, NULL),
       ('d0000000-0000-0000-0001-000000000011', 'Banana', NULL, 1.0, 'GRAM', 89, 1.1, 23.0, 0.3, 2.6, 12.0, NULL, TRUE,
        NOW() - INTERVAL '76 days', '00000000-0000-0000-0000-000000000010', NULL, NULL),
       ('d0000000-0000-0000-0001-000000000012', 'Cottage Cheese', 'President', 100.0, 'GRAM', 98, 11.0, 3.4, 4.3, 0.0,
        3.4, '4823000456002', TRUE, NOW() - INTERVAL '76 days', '00000000-0000-0000-0000-000000000010', NULL, NULL),
       ('d0000000-0000-0000-0001-000000000013', 'Olive Oil', NULL, 15.0, 'MILLILITER', 119, 0.0, 0.0, 13.5, 0.0, 0.0,
        NULL, TRUE, NOW() - INTERVAL '75 days', '00000000-0000-0000-0000-000000000010', NULL, NULL),
       ('d0000000-0000-0000-0001-000000000014', 'Almonds', NULL, 30.0, 'GRAM', 174, 6.0, 6.0, 15.0, 3.5, 1.5, NULL,
        TRUE, NOW() - INTERVAL '75 days', '00000000-0000-0000-0000-000000000010', NULL, NULL),
       ('d0000000-0000-0000-0001-000000000015', 'Whole Grain Bread', 'Bimbo', 1.0, 'GRAM', 80, 3.5, 14.0, 1.0, 2.0, 2.0,
        '8410184032303', TRUE, NOW() - INTERVAL '74 days', '00000000-0000-0000-0000-000000000010', NULL, NULL);

-- ============================================================
-- MEAL PLANS
-- ============================================================
INSERT INTO meal_plans (id, client_id, plan_date, total_calories, target_calories, protein, carbs, fats, fiber, sugar,
                        target_protein, target_carbs, target_fats, target_fiber, target_sugar, notes, created_date,
                        created_by, last_modified_date, last_modified_by)
VALUES ('e0000000-0000-0000-0001-000000000001', 'd0000000-0000-0000-0000-000000000001', CURRENT_DATE, 2580, 2600, 205.0,
        280.0, 72.0, 28.0, 32.0, 210.0, 280.0, 75.0, 30.0, 35.0, 'High protein day for training', NOW(),
        'a0000000-0000-0000-0000-000000000031', NULL, NULL),
       ('e0000000-0000-0000-0001-000000000002', 'd0000000-0000-0000-0000-000000000001', CURRENT_DATE - 1, 2490, 2600,
        198.0, 265.0, 74.0, 25.0, 30.0, 210.0, 280.0, 75.0, 30.0, 35.0, 'Rest day nutrition', NOW() - INTERVAL '1 day',
        'a0000000-0000-0000-0000-000000000031', NULL, NULL),
       ('e0000000-0000-0000-0001-000000000003', 'd0000000-0000-0000-0000-000000000002', CURRENT_DATE, 1680, 1700, 128.0,
        190.0, 45.0, 22.0, 28.0, 130.0, 190.0, 45.0, 25.0, 30.0, 'Calorie deficit plan', NOW(),
        'a0000000-0000-0000-0000-000000000032', NULL, NULL),
       ('e0000000-0000-0000-0001-000000000004', 'd0000000-0000-0000-0000-000000000003', CURRENT_DATE, 2850, 2800, 230.0,
        295.0, 85.0, 32.0, 38.0, 220.0, 290.0, 82.0, 30.0, 36.0, 'Muscle building phase', NOW(),
        'a0000000-0000-0000-0000-000000000033', NULL, NULL),
-- V11 clients
       ('6ba7b890-9dad-11d1-80b4-00c04fd430c8', '6ba7b812-9dad-11d1-80b4-00c04fd430c8', CURRENT_DATE, 2280, 2300, 175.0,
        240.0, 70.0, 25.0, 28.0, 180.0, 245.0, 72.0, 28.0, 30.0, 'Lean bulk day.', NOW(),
        '550e8400-e29b-41d4-a716-446655440001', NULL, NULL),
       ('6ba7b891-9dad-11d1-80b4-00c04fd430c8', '6ba7b813-9dad-11d1-80b4-00c04fd430c8', CURRENT_DATE, 1540, 1550, 118.0,
        168.0, 42.0, 20.0, 25.0, 120.0, 170.0, 43.0, 22.0, 27.0, 'Calorie deficit. Rest day.', NOW(),
        '550e8400-e29b-41d4-a716-446655440002', NULL, NULL);

-- ============================================================
-- MEALS
-- ============================================================
INSERT INTO meals (id, meal_plan_id, meal_type, meal_time, name, description, calories, protein, carbs, fats, fiber,
                   sugar, completed, created_date, created_by, last_modified_date, last_modified_by)
VALUES ('f0000000-0000-0000-0001-000000000001', 'e0000000-0000-0000-0001-000000000001', 'BREAKFAST',
        CURRENT_DATE::TIMESTAMP + TIME '07:30', 'Oat & Protein Shake', 'Oatmeal with whey and banana', 480, 38.0, 60.0,
        8.0, 6.0, 15.0, TRUE, NOW(), 'a0000000-0000-0000-0000-000000000031', NULL, NULL),
       ('f0000000-0000-0000-0001-000000000002', 'e0000000-0000-0000-0001-000000000001', 'LUNCH',
        CURRENT_DATE::TIMESTAMP + TIME '12:30', 'Chicken & Rice Bowl', 'Lean protein with complex carbs', 760, 75.0,
        80.0, 14.0, 5.0, 3.0, TRUE, NOW(), 'a0000000-0000-0000-0000-000000000031', NULL, NULL),
       ('f0000000-0000-0000-0001-000000000003', 'e0000000-0000-0000-0001-000000000001', 'MORNING_SNACK',
        CURRENT_DATE::TIMESTAMP + TIME '15:30', 'Greek Yogurt & Almonds', 'Protein-rich afternoon snack', 260, 21.0,
        14.0, 16.0, 4.0, 8.0, FALSE, NOW(), 'a0000000-0000-0000-0000-000000000031', NULL, NULL),
       ('f0000000-0000-0000-0001-000000000004', 'e0000000-0000-0000-0001-000000000001', 'DINNER',
        CURRENT_DATE::TIMESTAMP + TIME '19:00', 'Salmon & Sweet Potato', 'Omega-3 rich dinner', 580, 46.0, 40.0, 22.0,
        6.0, 5.0, FALSE, NOW(), 'a0000000-0000-0000-0000-000000000031', NULL, NULL),
       ('f0000000-0000-0000-0001-000000000005', 'e0000000-0000-0000-0001-000000000001', 'POST_WORKOUT',
        CURRENT_DATE::TIMESTAMP + TIME '21:00', 'Protein Shake', 'Post-workout recovery', 180, 25.0, 8.0, 4.0, 1.0, 4.0,
        FALSE, NOW(), 'a0000000-0000-0000-0000-000000000031', NULL, NULL),
       ('f0000000-0000-0000-0001-000000000006', 'e0000000-0000-0000-0001-000000000003', 'BREAKFAST',
        CURRENT_DATE::TIMESTAMP + TIME '08:00', 'Egg White Omelette', 'Light high-protein breakfast', 280, 28.0, 12.0,
        8.0, 3.0, 4.0, TRUE, NOW(), 'a0000000-0000-0000-0000-000000000032', NULL, NULL),
       ('f0000000-0000-0000-0001-000000000007', 'e0000000-0000-0000-0001-000000000003', 'LUNCH',
        CURRENT_DATE::TIMESTAMP + TIME '13:00', 'Tuna Salad', 'Low-calorie lean lunch', 350, 40.0, 20.0, 10.0, 5.0, 5.0,
        FALSE, NOW(), 'a0000000-0000-0000-0000-000000000032', NULL, NULL),
       ('f0000000-0000-0000-0001-000000000008', 'e0000000-0000-0000-0001-000000000003', 'DINNER',
        CURRENT_DATE::TIMESTAMP + TIME '18:30', 'Chicken Salad Bowl', 'Light dinner with veggies', 420, 38.0, 35.0,
        12.0, 8.0, 9.0, FALSE, NOW(), 'a0000000-0000-0000-0000-000000000032', NULL, NULL);

-- ============================================================
-- MEAL FOODS
-- ============================================================
INSERT INTO meal_foods (id, meal_id, food_id, servings, total_calories, total_protein, total_carbs, total_fats,
                        total_fiber, total_sugar, created_date, created_by, last_modified_date, last_modified_by)
VALUES ('10000000-0000-0000-0001-000000000001', 'f0000000-0000-0000-0001-000000000001',
        'd0000000-0000-0000-0001-000000000006', 1.0, 389, 17.0, 66.0, 7.0, 10.0, 1.1, NOW(),
        'a0000000-0000-0000-0000-000000000031', NULL, NULL),
       ('10000000-0000-0000-0001-000000000002', 'f0000000-0000-0000-0001-000000000001',
        'd0000000-0000-0000-0001-000000000007', 1.0, 120, 24.0, 3.0, 2.5, 0.5, 2.0, NOW(),
        'a0000000-0000-0000-0000-000000000031', NULL, NULL),
       ('10000000-0000-0000-0001-000000000003', 'f0000000-0000-0000-0001-000000000001',
        'd0000000-0000-0000-0001-000000000011', 1.0, 89, 1.1, 23.0, 0.3, 2.6, 12.0, NOW(),
        'a0000000-0000-0000-0000-000000000031', NULL, NULL),
       ('10000000-0000-0000-0001-000000000004', 'f0000000-0000-0000-0001-000000000002',
        'd0000000-0000-0000-0001-000000000001', 2.0, 330, 62.0, 0.0, 7.2, 0.0, 0.0, NOW(),
        'a0000000-0000-0000-0000-000000000031', NULL, NULL),
       ('10000000-0000-0000-0001-000000000005', 'f0000000-0000-0000-0001-000000000002',
        'd0000000-0000-0000-0001-000000000002', 2.0, 222, 5.2, 46.0, 1.8, 3.6, 0.8, NOW(),
        'a0000000-0000-0000-0000-000000000031', NULL, NULL),
       ('10000000-0000-0000-0001-000000000006', 'f0000000-0000-0000-0001-000000000004',
        'd0000000-0000-0000-0001-000000000009', 2.0, 416, 40.0, 0.0, 26.0, 0.0, 0.0, NOW(),
        'a0000000-0000-0000-0000-000000000031', NULL, NULL),
       ('10000000-0000-0000-0001-000000000007', 'f0000000-0000-0000-0001-000000000004',
        'd0000000-0000-0000-0001-000000000008', 1.5, 129, 2.4, 30.0, 0.15, 4.5, 6.3, NOW(),
        'a0000000-0000-0000-0000-000000000031', NULL, NULL);

-- ============================================================
-- WATER INTAKE
-- ============================================================
INSERT INTO water_intake (id, client_id, intake_date, amount_ml, target_ml, intake_time, created_date, created_by,
                          last_modified_date, last_modified_by)
VALUES
-- cp-001 today
('11000000-0000-0000-0001-000000000001', 'd0000000-0000-0000-0000-000000000001', CURRENT_DATE, 350, 3100,
 CURRENT_DATE::TIMESTAMP + TIME '07:00', NOW(), 'a0000000-0000-0000-0000-000000000031', NULL, NULL),
('11000000-0000-0000-0001-000000000002', 'd0000000-0000-0000-0000-000000000001', CURRENT_DATE, 500, 3100,
 CURRENT_DATE::TIMESTAMP + TIME '09:30', NOW(), 'a0000000-0000-0000-0000-000000000031', NULL, NULL),
('11000000-0000-0000-0001-000000000003', 'd0000000-0000-0000-0000-000000000001', CURRENT_DATE, 400, 3100,
 CURRENT_DATE::TIMESTAMP + TIME '12:00', NOW(), 'a0000000-0000-0000-0000-000000000031', NULL, NULL),
('11000000-0000-0000-0001-000000000004', 'd0000000-0000-0000-0000-000000000001', CURRENT_DATE, 600, 3100,
 CURRENT_DATE::TIMESTAMP + TIME '15:00', NOW(), 'a0000000-0000-0000-0000-000000000031', NULL, NULL),
-- cp-001 yesterday
('11000000-0000-0000-0001-000000000005', 'd0000000-0000-0000-0000-000000000001', CURRENT_DATE - 1, 350, 3100,
 (CURRENT_DATE - 1)::TIMESTAMP + TIME '07:15', NOW() - INTERVAL '1 day', 'a0000000-0000-0000-0000-000000000031', NULL,
 NULL),
('11000000-0000-0000-0001-000000000006', 'd0000000-0000-0000-0000-000000000001', CURRENT_DATE - 1, 500, 3100,
 (CURRENT_DATE - 1)::TIMESTAMP + TIME '11:00', NOW() - INTERVAL '1 day', 'a0000000-0000-0000-0000-000000000031', NULL,
 NULL),
('11000000-0000-0000-0001-000000000007', 'd0000000-0000-0000-0000-000000000001', CURRENT_DATE - 1, 500, 3100,
 (CURRENT_DATE - 1)::TIMESTAMP + TIME '14:30', NOW() - INTERVAL '1 day', 'a0000000-0000-0000-0000-000000000031', NULL,
 NULL),
('11000000-0000-0000-0001-000000000008', 'd0000000-0000-0000-0000-000000000001', CURRENT_DATE - 1, 700, 3100,
 (CURRENT_DATE - 1)::TIMESTAMP + TIME '18:00', NOW() - INTERVAL '1 day', 'a0000000-0000-0000-0000-000000000031', NULL,
 NULL),
('11000000-0000-0000-0001-000000000009', 'd0000000-0000-0000-0000-000000000001', CURRENT_DATE - 1, 400, 3100,
 (CURRENT_DATE - 1)::TIMESTAMP + TIME '21:00', NOW() - INTERVAL '1 day', 'a0000000-0000-0000-0000-000000000031', NULL,
 NULL),
-- cp-002 today
('11000000-0000-0000-0001-000000000010', 'd0000000-0000-0000-0000-000000000002', CURRENT_DATE, 250, 2030,
 CURRENT_DATE::TIMESTAMP + TIME '08:00', NOW(), 'a0000000-0000-0000-0000-000000000032', NULL, NULL),
('11000000-0000-0000-0001-000000000011', 'd0000000-0000-0000-0000-000000000002', CURRENT_DATE, 500, 2030,
 CURRENT_DATE::TIMESTAMP + TIME '12:30', NOW(), 'a0000000-0000-0000-0000-000000000032', NULL, NULL),
-- cp-003 today
('11000000-0000-0000-0001-000000000012', 'd0000000-0000-0000-0000-000000000003', CURRENT_DATE, 400, 3325,
 CURRENT_DATE::TIMESTAMP + TIME '07:30', NOW(), 'a0000000-0000-0000-0000-000000000033', NULL, NULL),
('11000000-0000-0000-0001-000000000013', 'd0000000-0000-0000-0000-000000000003', CURRENT_DATE, 600, 3325,
 CURRENT_DATE::TIMESTAMP + TIME '10:00', NOW(), 'a0000000-0000-0000-0000-000000000033', NULL, NULL),
('11000000-0000-0000-0001-000000000014', 'd0000000-0000-0000-0000-000000000003', CURRENT_DATE, 500, 3325,
 CURRENT_DATE::TIMESTAMP + TIME '13:30', NOW(), 'a0000000-0000-0000-0000-000000000033', NULL, NULL),
-- V11 clients
('6ba7b885-9dad-11d1-80b4-00c04fd430c8', '6ba7b812-9dad-11d1-80b4-00c04fd430c8', CURRENT_DATE, 400, 2730,
 CURRENT_DATE::TIMESTAMP + TIME '08:00', NOW(), '550e8400-e29b-41d4-a716-446655440001', NULL, NULL),
('6ba7b886-9dad-11d1-80b4-00c04fd430c8', '6ba7b812-9dad-11d1-80b4-00c04fd430c8', CURRENT_DATE, 500, 2730,
 CURRENT_DATE::TIMESTAMP + TIME '12:30', NOW(), '550e8400-e29b-41d4-a716-446655440001', NULL, NULL),
('6ba7b887-9dad-11d1-80b4-00c04fd430c8', '6ba7b812-9dad-11d1-80b4-00c04fd430c8', CURRENT_DATE - 1, 2500, 2730,
 (CURRENT_DATE - 1)::TIMESTAMP + TIME '21:00', NOW() - INTERVAL '1 day', '550e8400-e29b-41d4-a716-446655440001', NULL,
 NULL),
('6ba7b888-9dad-11d1-80b4-00c04fd430c8', '6ba7b813-9dad-11d1-80b4-00c04fd430c8', CURRENT_DATE, 250, 1995,
 CURRENT_DATE::TIMESTAMP + TIME '08:30', NOW(), '550e8400-e29b-41d4-a716-446655440002', NULL, NULL),
('6ba7b889-9dad-11d1-80b4-00c04fd430c8', '6ba7b813-9dad-11d1-80b4-00c04fd430c8', CURRENT_DATE, 350, 1995,
 CURRENT_DATE::TIMESTAMP + TIME '13:00', NOW(), '550e8400-e29b-41d4-a716-446655440002', NULL, NULL);

-- ============================================================
-- VERIFICATION TOKEN
-- ============================================================
INSERT INTO verification_tokens (id, token, token_type, user_id, expires_at, used)
VALUES ('6ba7b8b0-9dad-11d1-80b4-00c04fd430c8', 'a3f2c1d4-e5b6-47f8-9012-abcdef123456', 'EMAIL_VERIFICATION',
        '550e8400-e29b-41d4-a716-446655440004', NOW() + INTERVAL '24 hours', FALSE);

-- ============================================================
-- EMAIL FAILURE LOG
-- ============================================================
INSERT INTO email_failure_log (id, recipient_email, email_type, failure_reason, error_message, attempt_count,
                               retry_scheduled, next_retry_at, last_attempt_at, created_date, created_by,
                               last_modified_date, last_modified_by)
VALUES ('12000000-0000-0000-0001-000000000001', 'daryna.tkachuk@gmail.com', 'VERIFICATION', 'Send failed',
        'Connection reset by peer', 1, TRUE, NOW() + INTERVAL '5 minutes', NOW() - INTERVAL '2 minutes',
        NOW() - INTERVAL '3 days', 'SYSTEM', NULL, NULL),
       ('12000000-0000-0000-0001-000000000002', 'tetiana.bondarenko@gmail.com', 'VERIFICATION', 'Authentication failed',
        'SMTP auth error 535', 1, TRUE, NOW() + INTERVAL '5 minutes', NOW() - INTERVAL '5 minutes',
        NOW() - INTERVAL '10 minutes', 'SYSTEM', NULL, NULL),
       ('12000000-0000-0000-0001-000000000003', 'old.user@example.com', 'PASSWORD_RESET', 'Send failed',
        'Invalid recipient address', 3, FALSE, NULL, NOW() - INTERVAL '2 hours', NOW() - INTERVAL '3 hours', 'SYSTEM',
        NULL, NULL);